SDET用例ID,不可自动化原因,是否可自动化,期望结果,测试步骤,测试点描述,用例名称,用例描述,用例编号,目录分类,脚本名称,自动化关键步骤,预置条件
,纯UI展示校验：页面新增配置组及按钮显示属于前端渲染，不适合API自动化,否,"1.密码复杂度配置项中新增一个“802.1x认证用户进行密码校验和强制措施”配置组
2.配置组新增三个开启/关闭按钮，字段名分别是：首次登入用户强制修改密码、对未通过密码强度检测的用户进行强制处理、启用定期修改密码","1.策略-认证高级配置-密码安全管理
2.点击新增配置组“802.1x认证用户进行密码校验和强制措施”",密码安全管理页面新增配置组展示,新增配置组“802.1x认证用户进行密码校验和强制措施”展示,密码安全管理页面新增展示,RG-UNC-dot1x密码复杂度-TP-001,dot1x密码复杂度/密码安全管理页面-UI展示,不可自动化-密码安全管理页面新增配置组UI展示检查,1. 纯页面UI展示校验，不适合API自动化（需要UI自动化框架）,进入认证高级配置-密码安全管理页面
,纯UI展示校验：页面新增配置组及按钮显示属于前端渲染，不适合API自动化,否,"1.展示新增配置组“802.1x认证用户进行密码校验和强制措施”
2.按钮默认关闭，开启按钮展示”强制处理方式“选框，关闭按钮隐藏”强制处理方式“选框
3..按钮默认关闭，开启按钮展示”强制处理方式“选框，关闭按钮隐藏”强制处理方式“选框
4.按钮默认关闭，开启按钮展示”强制处理方式“选框、定期修改周期输入框、提前短信通知按钮、提前短信通知时间输入框
5.关闭按钮隐藏”强制处理方式“选框、定期修改周期输入框、提前短信通知按钮、提前短信通知时间输入框","1.策略-认证高级配置-密码安全管理
2.开启""首次登入用户强制修改密码“按钮，关闭""首次登入用户强制修改密码“按钮
3.开启""对未通过密码强度检测的用户进行强制处理“按钮，关闭""对未通过密码强度检测的用户进行强制处理“按钮
4.开启""启用定期修改密码按钮“按钮，
5.关闭""启用定期修改密码按钮“按钮，",密码安全管理页面新增配置组展示,开启/关闭三种按钮，默认关闭,按钮可以正常开启/关闭并展示/隐藏对应的选择框/输入框，按钮默认关闭,RG-UNC-dot1x密码复杂度-TP-002,dot1x密码复杂度/密码安全管理页面-UI展示,不可自动化-密码安全管理页面新增配置组UI展示检查,1. 纯页面UI展示校验，不适合API自动化（需要UI自动化框架）,进入认证高级配置-密码安全管理页面
,纯UI展示校验：页面新增配置组及按钮显示属于前端渲染，不适合API自动化,否,"1.展示新增配置组“802.1x认证用户进行密码校验和强制措施”
2.开启按钮展示”强制处理方式“选框，默认展示”返回认证失败“
3.勾选返回认证失败按钮成功
4.勾选返回认证失败+短信通知成功
5.开启按钮展示”强制处理方式“选框，默认展示”返回认证失败“
6.勾选返回认证失败按钮成功
7.勾选返回认证失败+短信通知成功
8.开启按钮展示”密码到期强制处理方式“选框，默认展示”返回认证失败“，展示”定期修改周期“输入框，默认为5天，展示“提前短信通知”按钮
9.勾选返回认证失败按钮成功
10.勾选返回认证失败+短信通知成功","1.策略-认证高级配置-密码安全管理
2.开启""首次登入用户强制修改密码“按钮
3.勾选返回认证失败按钮，
4.勾选返回认证失败+短信通知
5.开启""对未通过密码强度检测的用户进行强制处理“按钮
6.勾选返回认证失败按钮，
7.勾选返回认证失败+短信通知
8.开启""启用定期修改密码按钮“按钮，
9.勾选返回认证失败按钮，
10.勾选返回认证失败+短信通知",密码安全管理页面新增配置组展示,分别开启三种按钮，并正常单独勾选每个选项,"展示""强制处理方式”选框，默认展示返回认证失败及两个选项，正常勾选保存",RG-UNC-dot1x密码复杂度-TP-003,dot1x密码复杂度/密码安全管理页面-UI展示,不可自动化-密码安全管理页面新增配置组UI展示检查,1. 纯页面UI展示校验，不适合API自动化（需要UI自动化框架）,"进入认证高级配置-密码安全管理页面
消息配置中已为""首次登入用户强制修改密码“配置好网关及消息模板
获取到用户的移动电话"
,纯UI展示校验：页面新增配置组及按钮显示属于前端渲染，不适合API自动化,否,"1.展示新增配置组“802.1x认证用户进行密码校验和强制措施”
2.开启按钮展示”强制处理方式“选框，默认展示”返回认证失败“，勾选返回认证失败+短信通知失败，出现未配置警告：未对接短信服务，请前往”系统管理-第三方服务对接-短信服务“完成短信服务对接，并前往”认证管理-认证系统管理-消息配置“选择对应消息通知网关。保存成功
3.开启按钮展示”强制处理方式“选框，默认展示”返回认证失败“，勾选返回认证失败+短信通知失败，出现未配置警告：未对接短信服务，请前往”系统管理-第三方服务对接-短信服务“完成短信服务对接，并前往”认证管理-认证系统管理-消息配置“选择对应消息通知网关。保存成功
4.开启按钮展示”强制处理方式“选框，默认展示”返回认证失败“，勾选返回认证失败+短信通知失败，出现未配置警告：未对接短信服务，请前往”系统管理-第三方服务对接-短信服务“完成短信服务对接，并前往”认证管理-认证系统管理-消息配置“选择对应消息通知网关。保存成功","1.策略-认证高级配置-密码安全管理
2.开启""首次登入用户强制修改密码“按钮，勾选返回认证失败+短信通知，点击保存
3.开启”对未通过密码强度检测的用户进行强制处理““按钮，勾选返回认证失败+短信通知，点击保存
4.开启""启用定期修改密码“按钮，勾选返回认证失败+短信通知，点击保存",密码安全管理页面新增配置组展示,开启三种按钮，未配置网关及短信模板，勾选返回认证失败+短信通知选项,"展示""强制处理方式”选框，勾选返回认证失败+短信通知失败，出现未配置警告",RG-UNC-dot1x密码复杂度-TP-004,dot1x密码复杂度/密码安全管理页面-UI展示,不可自动化-密码安全管理页面新增配置组UI展示检查,1. 纯页面UI展示校验，不适合API自动化（需要UI自动化框架）,"进入认证高级配置-密码安全管理页面
消息配置中没有为""首次登入用户强制修改密码“配置好网关及消息模板
获取到用户的移动电话"
,纯UI展示校验：页面新增配置组及按钮显示属于前端渲染，不适合API自动化,否,"1.展示新增配置组“802.1x认证用户进行密码校验和强制措施”
2.开启按钮成功，输入5天成功，选择“返回认证失败+短信通知”成功
3.开启按钮成功，展示“提前短信通知时间”输入框，默认值为1
4.关闭按钮成功，隐藏“提前短信通知时间”输入框","1.策略-认证高级配置-密码安全管理
2.开启""启用定期修改密码“按钮-输入周期5天-选择“返回认证失败+短信通知”
3.开启“提前短信通知”按钮
4.关闭“提前短信通知”按钮",密码安全管理页面新增配置组展示,开启“提前短信通知”按钮,展示“提前短信通知时间”天，输入框,RG-UNC-dot1x密码复杂度-TP-005,dot1x密码复杂度/密码安全管理页面-UI展示,不可自动化-密码安全管理页面新增配置组UI展示检查,1. 纯页面UI展示校验，不适合API自动化（需要UI自动化框架）,"开启""启用定期修改密码“按钮
消息配置中已为""启用定期修改密码“按配置好网关及消息模板"
,纯UI展示校验：页面新增配置组及按钮显示属于前端渲染，不适合API自动化,否,"1.展示新增配置组“802.1x认证用户进行密码校验和强制措施”
2.开启按钮成功，选择“返回认证失败”成功
3.开启按钮成功，选择“返回认证失败”成功
4.开启按钮成功，选择“返回认证失败+短信通知”成功，定期修改周期30天输入成功
5.开启按钮成功，提前短信通知时间3天输入成功
6.已修改好的配置无变化","1.策略-认证高级配置-密码安全管理
2.开启""首次登入用户强制修改密码“按钮，并单独勾选返回认证失败
3.开启""对未通过密码强度检测的用户进行强制处理“按钮，并单独返回认证失败
4.开启""启用定期修改密码“按钮，并单独勾选返回认证失败+短信通知，定期修改周期为30天
5.开启“提前短信通知按钮，并输入提前短信通知时间为3天
6.浏览器前进或后退",密码安全管理页面新增配置组展示,“802.1x认证用户进行密码校验和强制措施”配置好浏览器前进或后退,配置好的所有内容均无变化,RG-UNC-dot1x密码复杂度-TP-006,dot1x密码复杂度/密码安全管理页面-UI展示,不可自动化-密码安全管理页面新增配置组UI展示检查,1. 纯页面UI展示校验，不适合API自动化（需要UI自动化框架）,"进入认证高级配置-密码安全管理页面
消息配置中已为""启用定期修改密码“按配置好网关及消息模板"
,前端输入校验：定期修改周期输入框前端自动纠正行为，不适合API自动化,否,"1.展示新增配置组“802.1x认证用户进行密码校验和强制措施”
2.开启按钮成功
3.开启按钮成功，展示“定期修改周期”输入框，默认展示“请输入，范围：1-500，默认5”
4.输入参数”501""失败，自动返回500
5.输入参数”-1""失败，自动返回1
6.输入参数”2.2""失败，自动返回2
7.输入参数”？""失败，参数清空
8.输入参数”0""失败，自动返回1  
9.输入框清空成功，保存失败，定期修改周期框下方红字提示：请输入定期修改周期（1-500天）
10.输入参数”30""成功","1.策略-认证高级配置-密码安全管理
2.开启""启用定期修改密码“按钮
3.开启“提前短信通知”按钮
4.“定期修改周期”输入框输入参数“501”
5.“定期修改周期”输入框输入参数“-1”
6.“定期修改周期”输入框输入参数“2.2”
7.“定期修改周期”输入框输入参数“？
8.“定期修改周期”输入框输入参数“0”
9..“定期修改周期”输入框清空，点击保存
10.“定期修改周期”输入框输入参数“30”",定期修改周期输入参数校验,“定期修改周期”输入参数校验,输入参数类型校验【1-500】,RG-UNC-dot1x密码复杂度-TP-007,dot1x密码复杂度/密码安全管理页面-参数校验,不可自动化-前端输入框参数校验行为,1. 前端输入框边界值/格式校验，属于前端行为，不适合API自动化,"开启""启用定期修改密码“按钮"
,前端输入校验：提前短信通知时间与定期修改周期的大小比较校验，属于前端行为,否,"1.进入配置组
2.开启""启用定期修改密码“按钮成功
3.输入参数5成功，选择返回认证失败成功
4.开启”提前短信通知“按钮成功，展示默认内容”请输入，默认1“
5.输入参数2成功
6.保存成功","1.点击“802.1x认证用户进行密码校验和强制措施”配置组
2.开启""启用定期修改密码“按钮
3.”定期修改周期“输入框输入参数5，选择返回认证失败
4.开启”提前短信通知“按钮
5.“提前短信通知时间”输入框输入参数2
6.点击保存",提前短信通知时间输入参数比较,“提前短信通知时间”输入框默认内容展示，输入参数2<定期修改周期参数5（正向）,展示默认内容”请输入，默认1“输入参数成功,RG-UNC-dot1x密码复杂度-TP-008,dot1x密码复杂度/密码安全管理页面-参数校验,不可自动化-前端输入框参数校验行为,1. 前端输入框边界值/格式校验，属于前端行为，不适合API自动化,"开启""启用定期修改密码“按钮"
,前端输入校验：提前短信通知时间与定期修改周期的大小比较校验，属于前端行为,否,"1.进入配置组
2.开启""启用定期修改密码“按钮成功
3.输入参数5成功，选择返回认证失败成功
4.开启”提前短信通知“按钮成功，展示默认内容”请输入，默认1“
5.输入参数5失败，报错信息“该配置应少于定期修改周期的天数","1.点击“802.1x认证用户进行密码校验和强制措施”配置组
2.开启""启用定期修改密码“按钮
3.”定期修改周期“输入框输入参数5，选择返回认证失败
4.开启”提前短信通知“按钮
5.“提前短信通知时间”输入框输入参数5",提前短信通知时间输入参数比较,“提前短信通知时间”输入框输入参数5=定期修改周期参数5,输入参数失败，报错信息“该配置应少于定期修改周期的天数,RG-UNC-dot1x密码复杂度-TP-009,dot1x密码复杂度/密码安全管理页面-参数校验,不可自动化-前端输入框参数校验行为,1. 前端输入框边界值/格式校验，属于前端行为，不适合API自动化,"开启""启用定期修改密码“按钮"
,前端输入校验：提前短信通知时间与定期修改周期的大小比较校验，属于前端行为,否,"1.进入配置组
2.开启""启用定期修改密码“按钮成功
3.输入参数5成功，选择返回认证失败成功
4.开启”提前短信通知“按钮成功，展示默认内容”请输入，默认1“
5.输入参数6失败，报错信息“该配置应少于定期修改周期的天数","1.点击“802.1x认证用户进行密码校验和强制措施”配置组
2.开启""启用定期修改密码“按钮
3.”定期修改周期“输入框输入参数5，选择返回认证失败
4.开启”提前短信通知“按钮
5.“提前短信通知时间”输入框输入参数6",提前短信通知时间输入参数比较,“提前短信通知时间”输入框输入参数6>定期修改周期参数5,输入参数失败，报错信息“该配置应少于定期修改周期的天数,RG-UNC-dot1x密码复杂度-TP-010,dot1x密码复杂度/密码安全管理页面-参数校验,不可自动化-前端输入框参数校验行为,1. 前端输入框边界值/格式校验，属于前端行为，不适合API自动化,"开启""启用定期修改密码“按钮"
,前端输入校验：提前短信通知时间输入框前端校验行为，不适合API自动化,否,"1.进入配置组
2.开启""启用定期修改密码“按钮成功
3.输入参数5成功，选择返回认证失败成功
4.开启”提前短信通知“按钮成功，展示默认内容”请输入，默认1“
5.输入参数清空失败，保存失败，请输入提前短信通知时间
6.输入参数“-1”失败，自动返回1
7.输入参数“2.2”失败，自动返回2
8.输入参数“？”失败，输入框被清空","1.点击“802.1x认证用户进行密码校验和强制措施”配置组
2.开启""启用定期修改密码“按钮
3.”定期修改周期“输入框输入参数5，选择返回认证失败
4.开启”提前短信通知“按钮
5.“提前短信通知时间”输入框清空，点击保存
6.“提前短信通知时间”输入框输入参数“-1”
7.“提前短信通知时间”输入框输入参数“2.2”
8.“提前短信通知时间”输入框输入参数“？”",提前短信通知时间输入参数校验,“提前短信通知时间”输入框校验,输入参数类型校验,RG-UNC-dot1x密码复杂度-TP-011,dot1x密码复杂度/密码安全管理页面-参数校验,不可自动化-前端输入框参数校验行为,1. 前端输入框边界值/格式校验，属于前端行为，不适合API自动化,"开启""启用定期修改密码“按钮"
,纯UI展示校验：消息配置页面展示新增配置组属于前端渲染，不适合API自动化,否,1.展示新增配置组“802.1x密码校验短信通知配置”，在访客短信配置下方新增，密码安全通知场景悬浮提示：前提在“认证管理-认证高级配置-密码安全管理”中，对于“802.1x认证用户进行密码校验和强制措施”开启以下对应场景时，才会按照用户端通知信息进行发送。,1.策略-认证系统管理-消息配置-短信服务,802.1x密码校验短信通知配置展示,新增配置组“802.1x密码校验短信通知配置”展示,访客短信配置下方新增，密码安全通知场景悬浮提示,RG-UNC-dot1x密码复杂度-TP-012,dot1x密码复杂度/密码安全管理页面-UI展示,不可自动化-消息配置页面新增配置组UI展示检查,1. 纯页面UI展示校验，不适合API自动化（需要UI自动化框架）,进入认证系统管理-消息配置
,纯UI展示校验：消息配置页面展示新增配置组属于前端渲染，不适合API自动化,否,"1.配置新增密码安全通知场景（在最左边第一列）：首次登入用户强制修改密码、对未通过密码强度检测的用户进行强制处理、定期修改密码
2.基础配置启用服务后，配置新增短信网关（在中间一列对应三个场景）：下拉框单选，可以选择配置好的网关，选择短信网关AAA成功，选择短信网关BBB成功
3.配置新增短信通知信息（在右边一列对应三个场景），三个场景选择短信网关均成功，默认有展示内容","1.策略-认证系统管理-消息配置-短信服务
2..策略-认证系统管理-消息配置-短信服务-基础配置启用服务-选择短信网关AAA，选择短信网关BBB
3.策略-认证系统管理-消息配置-短信服务，分别针对三个场景均选择短信网关AAA",802.1x密码校验短信通知配置展示,新增配置组“802.1x密码校验短信通知配置”展示,配置新增密码安全通知场景（在最左边第一列），配置新增短信网关（在中间一列对应三个场景）：下拉框单选，可以选择配置好的网关，配置新增短信通知信息（在右边一列对应三个场景），选择短信网关，默认有展示内容,RG-UNC-dot1x密码复杂度-TP-013,dot1x密码复杂度/密码安全管理页面-UI展示,不可自动化-消息配置页面新增配置组UI展示检查,1. 纯页面UI展示校验，不适合API自动化（需要UI自动化框架）,进入认证系统管理-消息配置
,纯UI展示校验：消息配置页面展示新增配置组属于前端渲染，不适合API自动化,否,"1.配置新增短信通知信息（在右边一列对应三个场景）
2.选择短信网关AAA成功，默认展示“您当前使用的初始默认密码，请登入XXX重新设置密码”，清空内容成功，保存时提示请输入短信通知信息
3.选择短信网关AAA成功，默认展示“您的密码不符合安全规范，请登入XXX重新设置密码”，清空内容成功，保存时提示您有信息内容未配置
4.选择短信网关AAA成功，默认展示“您的密码即将过期或者已经过期，请登入XXX重新设置密码”，清空内容成功。保存时提示您有信息内容未配置","1.策略-认证系统管理-消息配置-短信服务
2.针对“首次登入用户强制修改密码“场景均选择短信网关AAA，清空短信内容，点击保存
3.针对“对未通过密码强度检测的用户进行强制处理”场景均选择短信网关AAA，清空短信内容，点击保存
4..针对“定期修改密码”场景均选择短信网关AAA，清空短信内容，点击保存",802.1x密码校验短信通知配置展示,新增配置“首次登入用户强制修改密码-短信通知信息”展示及清空内容,短信通知清空内容成功，保存时提示您有信息内容未配置,RG-UNC-dot1x密码复杂度-TP-014,dot1x密码复杂度/密码安全管理页面-UI展示,不可自动化-消息配置页面新增配置组UI展示检查,1. 纯页面UI展示校验，不适合API自动化（需要UI自动化框架）,"进入认证系统管理-消息配置
选择短信网关"
,纯UI展示校验：消息配置页面展示新增配置组属于前端渲染，不适合API自动化,否,"1.配置新增短信通知信息（在右边一列对应三个场景）
2.选择短信网关AAA成功
3.选择短信网关AAA成功
4.选择短信网关AAA成功
5.修改模板成功
6.关闭基础服务成功
7.再次打开基础服务上次修改内容可以正常展示","1.策略-认证系统管理-消息配置-短信服务
2.针对“首次登入用户强制修改密码“场景均选择短信网关AAA
3.针对“对未通过密码强度检测的用户进行强制处理”场景均选择短信网关AAA
4.针对“定期修改密码”场景均选择短信网关AAA
5.修改“首次登入用户强制修改密码”的短信模板，删除后半句，点击保存
6.关闭基础服务
7.再次打开基础服务",802.1x密码校验短信通知配置展示,关闭基础配置后再打开,802.1x密码校验短信通知配置无变化,RG-UNC-dot1x密码复杂度-TP-015,dot1x密码复杂度/密码安全管理页面-UI展示,不可自动化-消息配置页面新增配置组UI展示检查,1. 纯页面UI展示校验，不适合API自动化（需要UI自动化框架）,"进入认证系统管理-消息配置
选择短信网关"
67000,,是,"1.用户1x有线认证失败，
---用户收到首次登录需修改密码的短信，
2.在认证失败日志看到用户认证失败原因为：用户首次登录需修改密码
    结果实现的一些具体效果？","1.用户1x有线首次登录认证，密码为Rui12345？
2.查看认证失败日志",配置组三个按钮开启/关闭的组合-首次用户登录,首次登录+符合密码策略+开启首次登录用户强制修改密码（返回认证失败+短信通知）+开启对未通过密码强度检测的用户进行强制处理（返回认证失败+短信通知）+开启定时强制修改密码（返回认证失败+短信通知）+开启提前短信通知(在定时期间未达提醒时间）,"1、用户1X有线首次登录，符合密码策略，定时强制修改密码常开(在定时期间未达提醒时间）
2、收到首次登录需修改密码的短信",RG-UNC-dot1x密码复杂度-TP-016,dot1x密码复杂度/认证组合-首次登录,首次登录-符合策略-首次登录强制开+强度检测强制开+定时强制开-调用配置接口设策略-触发1x认证-断言认证失败-用户首次登录需修改密码,"1. 登录管理端 - 引用51401
2. 调用密码策略配置接口，设置密码复杂度要求（首字母大写、包含小写字母、数字、特殊字符，长度3-30）
3. 调用密码安全管理配置接口，开启「首次登录用户强制修改密码」按钮，强制处理方式设为""返回认证失败+短信通知""
4. 调用密码安全管理配置接口，开启「对未通过密码强度检测的用户进行强制处理」按钮，强制处理方式设为""返回认证失败+短信通知""
5. 调用密码安全管理配置接口，开启「启用定期修改密码」按钮，强制处理方式设为""返回认证失败+短信通知""
6. 调用用户管理接口，创建测试用户并设置符合密码策略的密码（如 Rui12345?，含大写+小写+数字+特殊字符）
7. 调用模拟认证接口，触发用户首次1x有线认证
8. 调用认证日志查询接口，断言认证失败
9. 调用认证失败日志查询接口，断言失败原因包含「用户首次登录需修改密码」
10. 清理测试数据 - 调用接口删除测试用户/恢复密码策略默认配置","1.设置密码策略为包含首字母是大写字母、小写字母、长度3-30、数字，特殊字符
2、开启首次登录用户强制修改密码、开启未通过密码强度检测的用户强制修改密码、开启定时强制修改密码、开启提前短信通知
3.针对”首次登录用户强制修改密码“选择”返回认证失败+短信通知“
--针对”对未通过密码强度检测的用户进行强制处理”返回认证失败+短信通知“
--针对”定时强制修改密码”返回认证失败+短信通知“
4.针对”首次登录用户强制修改密码“已配置好对应的网关和短信模板
--针对”对未通过密码强度检测的用户进行强制处理”已配置好对应的网关和短信模板“
--针对”定时强制修改密码”已配置好对应的网关和短信模板“"
67001,,是,"1.用户1x有线认证失败，
---用户无法收到任何短信
2.在认证失败日志看到用户认证失败原因为：用户首次登录需修改密码","1.用户1x有线首次登录认证，密码为Rui12345
2.查看认证失败日志",配置组三个按钮开启/关闭的组合-首次用户登录,首次登录+不符合密码策略+开启首次登录用户强制修改密码(返回认证失败+短信通知、未获取到用户手机号）+开启对未通过密码强度检测的用户进行强制处理（返回认证失败+短信通知）+开启定时强制修改密码（返回认证失败+短信通知）+开启提前短信通知(在定时期间未达提醒时间）,"1、用户1X有线首次登录，不符合密码策略，定时强制修改密码常开(在定时期间未达提醒时间）
2、无法收到所有的短信",RG-UNC-dot1x密码复杂度-TP-017,dot1x密码复杂度/认证组合-首次登录,首次登录-不符合策略-首次登录强制开+强度检测强制开+定时强制开-调用配置接口设策略-触发1x认证-断言认证失败-用户首次登录需修改密码,"1. 登录管理端 - 引用51401
2. 调用密码策略配置接口，设置密码复杂度要求（首字母大写、包含小写字母、数字、特殊字符，长度3-30）
3. 调用密码安全管理配置接口，开启「首次登录用户强制修改密码」按钮，强制处理方式设为""返回认证失败+短信通知""（注：短信网关/模板可能未配置）
4. 调用密码安全管理配置接口，开启「对未通过密码强度检测的用户进行强制处理」按钮，强制处理方式设为""返回认证失败""
5. 调用密码安全管理配置接口，开启「启用定期修改密码」按钮，强制处理方式设为""返回认证失败""
6. 调用用户管理接口，创建测试用户并设置不符合密码策略的密码（如 rui12345，不含大写字母和特殊字符）
7. 调用模拟认证接口，触发用户首次1x有线认证
8. 调用认证日志查询接口，断言认证失败
9. 调用认证失败日志查询接口，断言失败原因包含「用户首次登录需修改密码」
10. 清理测试数据 - 调用接口删除测试用户/恢复密码策略默认配置","1.设置密码策略为包含首字母是大写字母、小写字母、长度3-30、数字，特殊字符
2、开启首次登录用户强制修改密码、开启未通过密码强度检测的用户强制修改密码、开启定时强制修改密码、开启提前短信通知
3.针对”首次登录用户强制修改密码“选择”返回认证失败+短信通知“
--针对”对未通过密码强度检测的用户进行强制处理”返回认证失败+短信通知“
--针对”定时强制修改密码”返回认证失败+短信通知“
4.针对”首次登录用户强制修改密码“已配置好对应的网关和短信模板
--针对”对未通过密码强度检测的用户进行强制处理”已配置好对应的网关和短信模板“
--针对”定时强制修改密码”已配置好对应的网关和短信模板“
5、未获取到用户手机号"
67002,,是,1.用户1x无线认证成功,1.用户1x无线首次登录，密码为Rui12345,配置组三个按钮开启/关闭的组合-首次用户登录,首次登录+符合密码策略+关闭首次登录用户强制修改密码+开启对未通过密码强度检测的用户进行强制处理（返回认证失败+短信通知）+开启定时强制修改密码+开启提前短信通知(在定时期间未达提醒时间）,"1、用户1X无线首次登录，符合密码策略，定时强制修改密码常开(在定时期间未达提醒时间）
2、用户1x无线认证成功",RG-UNC-dot1x密码复杂度-TP-018,dot1x密码复杂度/认证组合-首次登录,首次登录-符合策略-强度检测强制开+定时强制开-调用配置接口设策略-触发1x认证-断言认证成功,"1. 登录管理端 - 引用51401
2. 调用密码策略配置接口，设置密码复杂度要求（首字母大写、包含小写字母、数字、特殊字符，长度3-30）
3. 调用密码安全管理配置接口，关闭「首次登录用户强制修改密码」按钮
4. 调用密码安全管理配置接口，开启「对未通过密码强度检测的用户进行强制处理」按钮，强制处理方式设为""返回认证失败+短信通知""
5. 调用密码安全管理配置接口，开启「启用定期修改密码」按钮，强制处理方式设为""返回认证失败+短信通知""
6. 调用用户管理接口，创建测试用户并设置符合密码策略的密码（如 Rui12345?，含大写+小写+数字+特殊字符）
7. 调用模拟认证接口，触发用户首次1x有线认证
8. 调用认证日志查询接口，断言认证成功
9. 清理测试数据 - 调用接口删除测试用户/恢复密码策略默认配置","1.设置密码策略为包含首字母为大写字母、小写字母、长度3-30、数字，
2、关闭首次登录用户强制修改密码、开启未通过密码强度检测的用户强制修改密码、开启定时强制修改密码、开启提前短信通知
3、--针对”对未通过密码强度检测的用户进行强制处理”返回认证失败+短信通知“
4、针对”对未通过密码强度检测的用户进行强制处理”已配置好对应的网关和短信模板“"
67003,,是,"1.用户1x无线认证失败，
---用户无法收到”未通过强度检测用户处理“的短信通知
2.在认证失败日志看到用户认证失败原因为：“用户未通过密码强度检测","1.用户1x无线首次登录，密码为R123？？
2.查看认证失败日志",配置组三个按钮开启/关闭的组合-首次用户登录,首次登录+不符合密码策略+关闭首次登录用户强制修改密码+开启对未通过密码强度检测的用户进行强制处理（返回认证失败+短信通知、没有配置好网关及短信模板）+开启定时强制修改密码+开启提前短信通知(在定时期间未达提醒时间）,"1、用户1X无线首次登录，不符合密码策略，定时强制修改密码常开(在定时期间未达提醒时间）
2、用户无法收到”未通过强度检测用户处理“的短信通知",RG-UNC-dot1x密码复杂度-TP-019,dot1x密码复杂度/认证组合-首次登录,首次登录-不符合策略-强度检测强制开+定时强制开-调用配置接口设策略-触发1x认证-断言认证失败-未通过密码强度检测,"1. 登录管理端 - 引用51401
2. 调用密码策略配置接口，设置密码复杂度要求（首字母大写、包含小写字母、数字、特殊字符，长度3-30）
3. 调用密码安全管理配置接口，关闭「首次登录用户强制修改密码」按钮
4. 调用密码安全管理配置接口，开启「对未通过密码强度检测的用户进行强制处理」按钮，强制处理方式设为""返回认证失败""
5. 调用密码安全管理配置接口，开启「启用定期修改密码」按钮，强制处理方式设为""返回认证失败""
6. 调用用户管理接口，创建测试用户并设置不符合密码策略的密码（如 rui12345，不含大写字母和特殊字符）
7. 调用模拟认证接口，触发用户首次1x有线认证
8. 调用认证日志查询接口，断言认证失败
9. 调用认证失败日志查询接口，断言失败原因包含「未通过密码强度检测」
10. 清理测试数据 - 调用接口删除测试用户/恢复密码策略默认配置","1.设置密码策略为包含首字母是大写字母、小写字母、长度3-30、数字，
2、关闭首次登录用户强制修改密码、开启未通过密码强度检测的用户强制修改密码、开启定时强制修改密码、开启提前短信通知
3.针对”对未通过密码强度检测的用户进行强制处理开启“选择”返回认证失败+短信通知“
4.针对”对未通过密码强度检测的用户进行强制处理开启“没有配置好对应的网关和短信模板"
67004,,是,"1.用户1x有线认证失败
2.在认证失败日志看到用户认证失败原因为：用户首次登录需修改密码","1.用户1x有线首次登录认证，密码为rui1234567891111
2.查看认证失败日志",配置组三个按钮开启/关闭的组合-首次用户登录,首次登录+符合密码策略+开启首次登录用户强制修改密码+关闭对未通过密码强度监测的用户进行强制处理+开启定时强制密码修改+开启提前短信通知(在定时期间未达提醒时间）,"1、用户1X有线首次登录，符合密码策略，定时强制修改密码常开(在定时期间未达提醒时间）
2、用户1x有线认证失败",RG-UNC-dot1x密码复杂度-TP-020,dot1x密码复杂度/认证组合-首次登录,首次登录-符合策略-首次登录强制开+定时强制开-调用配置接口设策略-触发1x认证-断言认证失败-用户首次登录需修改密码,"1. 登录管理端 - 引用51401
2. 调用密码策略配置接口，设置密码复杂度要求（首字母大写、包含小写字母、数字、特殊字符，长度3-30）
3. 调用密码安全管理配置接口，开启「首次登录用户强制修改密码」按钮，强制处理方式设为""返回认证失败""
4. 调用密码安全管理配置接口，关闭「对未通过密码强度检测的用户进行强制处理」按钮
5. 调用密码安全管理配置接口，开启「启用定期修改密码」按钮，强制处理方式设为""返回认证失败""
6. 调用用户管理接口，创建测试用户并设置符合密码策略的密码（如 Rui12345?，含大写+小写+数字+特殊字符）
7. 调用模拟认证接口，触发用户首次1x有线认证
8. 调用认证日志查询接口，断言认证失败
9. 调用认证失败日志查询接口，断言失败原因包含「用户首次登录需修改密码」
10. 清理测试数据 - 调用接口删除测试用户/恢复密码策略默认配置","1.设置密码策略为包含小写字母、长度3-30、数字，
2、开启首次登录用户强制修改密码、关闭未通过密码强度检测的用户强制修改密码、开启定时强制修改密码，开启提前短信通知"
67005,,是,"1.用户1x无线认证失败，
---用户收到”首次登录需修改密码“的短信通知
2.在认证失败日志看到用户认证失败原因为：用户首次登录需修改密码","1.用户1x无线首次登录，密码为Rui12345678
2.查看认证失败日志",配置组三个按钮开启/关闭的组合-首次用户登录,首次登录+不符合密码策略+开启首次登录用户强制修改密码（返回认证失败+短信通知）+关闭对未通过密码强度监测的用户进行强制处理+开启定时强制密码修改+开启提前短信通知(在定时期间未达提醒时间）,"1.用户1X无线首次登录，不符合密码策略，定时强制修改密码常开(在定时期间未达提醒时间）
2.用户1x无线认证失败，用户收到”首次登录需修改密码“的短信通知",RG-UNC-dot1x密码复杂度-TP-021,dot1x密码复杂度/认证组合-首次登录,首次登录-不符合策略-首次登录强制开+定时强制开-调用配置接口设策略-触发1x认证-断言认证失败-用户首次登录需修改密码,"1. 登录管理端 - 引用51401
2. 调用密码策略配置接口，设置密码复杂度要求（首字母大写、包含小写字母、数字、特殊字符，长度3-30）
3. 调用密码安全管理配置接口，开启「首次登录用户强制修改密码」按钮，强制处理方式设为""返回认证失败+短信通知""
4. 调用密码安全管理配置接口，关闭「对未通过密码强度检测的用户进行强制处理」按钮
5. 调用密码安全管理配置接口，开启「启用定期修改密码」按钮，强制处理方式设为""返回认证失败+短信通知""
6. 调用用户管理接口，创建测试用户并设置不符合密码策略的密码（如 rui12345，不含大写字母和特殊字符）
7. 调用模拟认证接口，触发用户首次1x有线认证
8. 调用认证日志查询接口，断言认证失败
9. 调用认证失败日志查询接口，断言失败原因包含「用户首次登录需修改密码」
10. 清理测试数据 - 调用接口删除测试用户/恢复密码策略默认配置","1.设置密码策略为包含首字母是大写字母、小写字母、长度3-10、数字，
2、开启首次登录用户强制修改密码、关闭未通过密码强度检测的用户强制修改密码、开启定时强制修改密码，开启提前短信通知
3.针对”首次登录用户强制修改密码“选择”返回认证失败+短信通知“
4.针对”首次登录用户强制修改密码“已配置好对应的网关和短信模板"
67006,,是,1.用户1x有线认证成功,1.用户1x有线首次登录认证，密码为Rui......,配置组三个按钮开启/关闭的组合-首次用户登录,首次登录+符合密码策略+关闭首次登录用户强制修改密码+关闭对未通过密码强度监测的用户进行强制处理+开启定时强制密码修改（返回认证失败+短信通知）+开启提前短信通知(在定时期间未达提醒时间）,"1、用户1X有线首次登录，符合密码策略，定时强制修改密码常开(在定时期间未达提醒时间）
2、用户1x有线认证成功",RG-UNC-dot1x密码复杂度-TP-022,dot1x密码复杂度/认证组合-首次登录,首次登录-符合策略-定时强制开-调用配置接口设策略-触发1x认证-断言认证成功,"1. 登录管理端 - 引用51401
2. 调用密码策略配置接口，设置密码复杂度要求（首字母大写、包含小写字母、数字、特殊字符，长度3-30）
3. 调用密码安全管理配置接口，关闭「首次登录用户强制修改密码」按钮
4. 调用密码安全管理配置接口，关闭「对未通过密码强度检测的用户进行强制处理」按钮
5. 调用密码安全管理配置接口，开启「启用定期修改密码」按钮，强制处理方式设为""返回认证失败+短信通知""
6. 调用用户管理接口，创建测试用户并设置符合密码策略的密码（如 Rui12345?，含大写+小写+数字+特殊字符）
7. 调用模拟认证接口，触发用户首次1x有线认证
8. 调用认证日志查询接口，断言认证成功
9. 清理测试数据 - 调用接口删除测试用户/恢复密码策略默认配置","1.设置密码策略为包含首字母是大写字母、小写字母、长度3-30、特殊字符，
2、关闭首次登录用户强制修改密码、关闭未通过密码强度检测的用户强制修改密码、开启定时强制修改密码，开启提前短信通知
3.针对”定时强制修改密码”返回认证失败+短信通知“
4.针对”定时强制修改密码”已配置好对应的网关和短信模板“"
67007,,是,1.用户1x无线认证成功,1.用户1x无线首次登录，密码为Rui123454321,配置组三个按钮开启/关闭的组合-首次用户登录,首次登录+不符合密码策略+关闭首次登录用户强制修改密码+关闭对未通过密码强度监测的用户进行强制处理+开启定时强制密码修改（返回认证失败+短信通知）+开启提前短信通知(在定时期间未达提醒时间）,"1、用户1X无线首次登录，不符合密码策略，定时强制修改密码常开(在定时期间未达提醒时间）
2、用户1x无线认证成功",RG-UNC-dot1x密码复杂度-TP-023,dot1x密码复杂度/认证组合-首次登录,首次登录-不符合策略-定时强制开-调用配置接口设策略-触发1x认证-断言认证成功,"1. 登录管理端 - 引用51401
2. 调用密码策略配置接口，设置密码复杂度要求（首字母大写、包含小写字母、数字、特殊字符，长度3-30）
3. 调用密码安全管理配置接口，关闭「首次登录用户强制修改密码」按钮
4. 调用密码安全管理配置接口，关闭「对未通过密码强度检测的用户进行强制处理」按钮
5. 调用密码安全管理配置接口，开启「启用定期修改密码」按钮，强制处理方式设为""返回认证失败+短信通知""
6. 调用用户管理接口，创建测试用户并设置不符合密码策略的密码（如 rui12345，不含大写字母和特殊字符）
7. 调用模拟认证接口，触发用户首次1x有线认证
8. 调用认证日志查询接口，断言认证成功
9. 清理测试数据 - 调用接口删除测试用户/恢复密码策略默认配置","1.设置密码策略为包含首字母是大写字母、小写字母、长度3-30、数字，开启禁用回文
2、关闭首次登录用户强制修改密码、关闭未通过密码强度检测的用户强制修改密码、开启定时强制修改密码，开启提前短信通知
3针对”定时强制修改密码”返回认证失败+短信通知“
4.针对”定时强制修改密码”已配置好对应的网关和短信模板“"
67008,,是,"1.用户1x有线认证失败，
---用户收到”首次登录需修改密码“的短信通知
2.在认证失败日志看到用户认证失败原因为：用户首次登录需修改密码","1.用户1x有线首次登录认证，密码为Rui12345
2.查看认证失败日志",配置组三个按钮开启/关闭的组合-首次用户登录,首次登录+符合密码策略+开启首次登录用户强制修改密码（返回认证失败+短信通知）+开启对未通过密码强度检测的用户进行强制处理+开启定时强制修改密码+开启提前短信通知（超出定时期间）,"1、用户1X有线首次登录，符合密码策略，定时强制修改密码常开(超出定时期间)
2、用户1x有线认证失败，用户收到”首次登录需修改密码“的短信通知",RG-UNC-dot1x密码复杂度-TP-024,dot1x密码复杂度/认证组合-首次登录,首次登录-符合策略-首次登录强制开+强度检测强制开+定时强制开-调用配置接口设策略-触发1x认证-断言认证失败-用户首次登录需修改密码,"1. 登录管理端 - 引用51401
2. 调用密码策略配置接口，设置密码复杂度要求（首字母大写、包含小写字母、数字、特殊字符，长度3-30）
3. 调用密码安全管理配置接口，开启「首次登录用户强制修改密码」按钮，强制处理方式设为""返回认证失败+短信通知""
4. 调用密码安全管理配置接口，开启「对未通过密码强度检测的用户进行强制处理」按钮，强制处理方式设为""返回认证失败+短信通知""
5. 调用密码安全管理配置接口，开启「启用定期修改密码」按钮，强制处理方式设为""返回认证失败+短信通知""
6. 调用用户管理接口，创建测试用户并设置符合密码策略的密码（如 Rui12345?，含大写+小写+数字+特殊字符）
7. 调用模拟认证接口，触发用户首次1x有线认证
8. 调用认证日志查询接口，断言认证失败
9. 调用认证失败日志查询接口，断言失败原因包含「用户首次登录需修改密码」
10. 清理测试数据 - 调用接口删除测试用户/恢复密码策略默认配置","1.设置密码策略为包含首字母是大写字母、小写字母、长度3-30、数字，
2、开启首次登录用户强制修改密码、开启未通过密码强度检测的用户强制修改密码、开启定时强制修改密码，开启提前短信通知
3.针对”首次登录用户强制修改密码“选择”返回认证失败+短信通知“
4.针对”首次登录用户强制修改密码“已配置好对应的网关和短信模板"
67009,,是,"1.用户1x有线认证失败
---用户无法收到首次登录的通知
---用户也无法收到“未通过强度检测”的通知，
2.在认证失败日志看到用户认证失败原因为：用户首次登录需修改密码","1.用户1x有线首次登录，密码为Rui1234555
2.查看认证失败日志",配置组三个按钮开启/关闭的组合-首次用户登录,首次登录+不符合密码策略+开启首次登录用户强制修改密码（返回认证失败+短信通知、未配置网关）+开启对未通过密码强度检测的用户进行强制处理（返回认证失败+短信通知）+开启定时强制修改密码+开启提前短信通知（超出定时期间）,"1、用户1X有线首次登录，不符合密码策略，定时强制修改密码常开(超出定时期间)
2、用户1x有线认证失败
---用户无法收到首次登录的通知
---用户也无法收到“未通过强度检测”的通知",RG-UNC-dot1x密码复杂度-TP-025,dot1x密码复杂度/认证组合-首次登录,首次登录-不符合策略-首次登录强制开+强度检测强制开+定时强制开-调用配置接口设策略-触发1x认证-断言认证失败-用户首次登录需修改密码,"1. 登录管理端 - 引用51401
2. 调用密码策略配置接口，设置密码复杂度要求（首字母大写、包含小写字母、数字、特殊字符，长度3-30）
3. 调用密码安全管理配置接口，开启「首次登录用户强制修改密码」按钮，强制处理方式设为""返回认证失败+短信通知""（注：短信网关/模板可能未配置）
4. 调用密码安全管理配置接口，开启「对未通过密码强度检测的用户进行强制处理」按钮，强制处理方式设为""返回认证失败""
5. 调用密码安全管理配置接口，开启「启用定期修改密码」按钮，强制处理方式设为""返回认证失败""
6. 调用用户管理接口，创建测试用户并设置不符合密码策略的密码（如 rui12345，不含大写字母和特殊字符）
7. 调用模拟认证接口，触发用户首次1x有线认证
8. 调用认证日志查询接口，断言认证失败
9. 调用认证失败日志查询接口，断言失败原因包含「用户首次登录需修改密码」
10. 清理测试数据 - 调用接口删除测试用户/恢复密码策略默认配置","1.设置密码策略为包含首字母是大写字母、小写字母、长度3-30、数字，开启禁止包含任何连续两次出现的字符
2、开启首次登录用户强制修改密码、开启未通过密码强度检测的用户强制修改密码、开启定时强制修改密码，开启提前短信通知"
67010,,是,"1.用户1x无线认证失败
---用户收到”定时修改密码“的短信通知
2，在认证失败日志看到用户认证失败原因为：用户密码已过期",1，用户1x无线首次登录，密码为rui1234512345,配置组三个按钮开启/关闭的组合-首次用户登录,首次登录+符合密码策略+关闭首次登录用户强制修改密码+开启对未通过密码强度检测的用户进行强制处理+开启定时强制修改密码（返回认证失败+短信通知）+开启提前短信通知‘（超出定时期间）,"1、用户1X无线首次登录，符合密码策略，定时强制修改密码常开(超出定时期间)
2、用户1x无线认证失败
---用户收到”定时修改密码“的短信通知",RG-UNC-dot1x密码复杂度-TP-026,dot1x密码复杂度/认证组合-首次登录,首次登录-符合策略-强度检测强制开+定时强制开-调用配置接口设策略-触发1x认证-断言认证失败-密码已过期,"1. 登录管理端 - 引用51401
2. 调用密码策略配置接口，设置密码复杂度要求（首字母大写、包含小写字母、数字、特殊字符，长度3-30）
3. 调用密码安全管理配置接口，关闭「首次登录用户强制修改密码」按钮
4. 调用密码安全管理配置接口，开启「对未通过密码强度检测的用户进行强制处理」按钮，强制处理方式设为""返回认证失败+短信通知""
5. 调用密码安全管理配置接口，开启「启用定期修改密码」按钮，强制处理方式设为""返回认证失败+短信通知""
6. 调用用户管理接口，创建测试用户并设置符合密码策略的密码（如 Rui12345?，含大写+小写+数字+特殊字符）
7. 调用模拟认证接口，触发用户首次1x有线认证
8. 调用认证日志查询接口，断言认证失败
9. 调用认证失败日志查询接口，断言失败原因包含「密码已过期」
10. 清理测试数据 - 调用接口删除测试用户/恢复密码策略默认配置","1.设置密码策略为包含小写字母、长度3-30、数字，
2、关闭首次登录用户强制修改密码、开启未通过密码强度检测的用户强制修改密码、开启定时强制修改密码，开启提前短信通知
3.针对”定时强制修改密码”返回认证失败+短信通知“
4.”定时强制修改密码”已配置好对应的网关和短信模板“"
67011,,是,"1.用户1x无线认证失败
---用户收到”未通过强度检测的修改“通知
2.在认证失败日志看到用户认证失败原因为：“用户未通过密码强度检测","1.用户1x无线首次登录，密码为Rui12345wuganren
2.查看认证失败日志",配置组三个按钮开启/关闭的组合-首次用户登录,首次登录+不符合密码策略+关闭首次登录用户强制修改密码+开启对未通过密码强度检测的用户进行强制处理（返回认证失败+短信通知）+开启定时强制修改密码（返回认证失败+短信通知）+开启提前短信通知（超出定时期间）,"1、用户1X无线首次登录，不符合密码策略，定时强制修改密码常开(超出定时期间）
2、用户1x无线认证失败
---用户收到”未通过强度检测的修改“通知
---用户收到”定时修改密码“的短信通知",RG-UNC-dot1x密码复杂度-TP-027,dot1x密码复杂度/认证组合-首次登录,首次登录-不符合策略-强度检测强制开+定时强制开-调用配置接口设策略-触发1x认证-断言认证失败-未通过密码强度检测,"1. 登录管理端 - 引用51401
2. 调用密码策略配置接口，设置密码复杂度要求（首字母大写、包含小写字母、数字、特殊字符，长度3-30）
3. 调用密码安全管理配置接口，关闭「首次登录用户强制修改密码」按钮
4. 调用密码安全管理配置接口，开启「对未通过密码强度检测的用户进行强制处理」按钮，强制处理方式设为""返回认证失败+短信通知""
5. 调用密码安全管理配置接口，开启「启用定期修改密码」按钮，强制处理方式设为""返回认证失败+短信通知""
6. 调用用户管理接口，创建测试用户并设置不符合密码策略的密码（如 rui12345，不含大写字母和特殊字符）
7. 调用模拟认证接口，触发用户首次1x有线认证
8. 调用认证日志查询接口，断言认证失败
9. 调用认证失败日志查询接口，断言失败原因包含「未通过密码强度检测」
10. 清理测试数据 - 调用接口删除测试用户/恢复密码策略默认配置","1.设置密码策略为包含首字母是大写字母、小写字母、长度3-30、数字，开启禁止包含用户名中连续5个字符，用户名为wuganrenzheng
2、关闭首次登录用户强制修改密码、开启未通过密码强度检测的用户强制修改密码、开启定时强制修改密码，开启提前短信通知
3.针对”对未通过密码强度检测的用户进行强制处理”返回认证失败+短信通知“
--针对”定时强制修改密码”返回认证失败+短信通知“
4.针对”对未通过密码强度检测的用户进行强制处理”已配置好对应的网关和短信模板“
--针对”定时强制修改密码”已配置好对应的网关和短信模板“"
67012,,是,"1.用户1X有线认证失败
---用户无法收到”首次登录需修改密码“的通知
2.在认证失败日志看到用户认证失败原因为：用户首次登录需修改密码","1.用户1x有线首次登录认证，密码为Rui12345
2.查看认证失败日志",配置组三个按钮开启/关闭的组合-首次用户登录,首次登录+符合密码策略+开启首次登录用户强制修改密码（返回认证失败+短信通知、没有获取到用户手机号）+关闭对未通过密码强度检测的用户进行强制处理+开启定时强制修改密码+开启提前短信通知（超出定时期间）,"1、用户1X有线首次登录，符合密码策略，定时强制修改密码常开(超出定时期间)
2、用户1X有线认证失败
---用户无法收到”首次登录需修改密码“的通知",RG-UNC-dot1x密码复杂度-TP-028,dot1x密码复杂度/认证组合-首次登录,首次登录-符合策略-首次登录强制开+定时强制开-调用配置接口设策略-触发1x认证-断言认证失败-用户首次登录需修改密码,"1. 登录管理端 - 引用51401
2. 调用密码策略配置接口，设置密码复杂度要求（首字母大写、包含小写字母、数字、特殊字符，长度3-30）
3. 调用密码安全管理配置接口，开启「首次登录用户强制修改密码」按钮，强制处理方式设为""返回认证失败+短信通知""
4. 调用密码安全管理配置接口，关闭「对未通过密码强度检测的用户进行强制处理」按钮
5. 调用密码安全管理配置接口，开启「启用定期修改密码」按钮，强制处理方式设为""返回认证失败+短信通知""
6. 调用用户管理接口，创建测试用户并设置符合密码策略的密码（如 Rui12345?，含大写+小写+数字+特殊字符）
7. 调用模拟认证接口，触发用户首次1x有线认证
8. 调用认证日志查询接口，断言认证失败
9. 调用认证失败日志查询接口，断言失败原因包含「用户首次登录需修改密码」
10. 清理测试数据 - 调用接口删除测试用户/恢复密码策略默认配置","1.设置密码策略为包含首字母是大写字母、小写字母、长度3-30、数字，
2、开启首次登录用户强制修改密码、关闭未通过密码强度检测的用户强制修改密码、开启定时强制修改密码、开启提前短信通知
3.针对”首次登录用户强制修改密码“选择”返回认证失败+短信通知“
4.针对”首次登录用户强制修改密码“已配置好对应的网关和短信模板"
67013,,是,"1.用户1x无线认证失败
---用户收到”首次登录需修改密码“的通知
2.在认证失败日志看到用户认证失败原因为：用户首次登录需修改密码","1.用户1x无线首次登录，密码为12345
2.查看认证失败日志",配置组三个按钮开启/关闭的组合-首次用户登录,首次登录+不符合密码策略+开启首次登录用户强制修改密码（返回认证失败+短信通知）+关闭对未通过密码强度检测的用户进行强制处理+开启定时强制修改密码+开启提前短信通知（超出定时期间）,"1、用户1X无线首次登录，不符合密码策略，定时强制修改密码常开(超出定时期间）
2、用户1X无线认证失败
---用户收到”首次登录需修改密码“的通知",RG-UNC-dot1x密码复杂度-TP-029,dot1x密码复杂度/认证组合-首次登录,首次登录-不符合策略-首次登录强制开+定时强制开-调用配置接口设策略-触发1x认证-断言认证失败-用户首次登录需修改密码,"1. 登录管理端 - 引用51401
2. 调用密码策略配置接口，设置密码复杂度要求（首字母大写、包含小写字母、数字、特殊字符，长度3-30）
3. 调用密码安全管理配置接口，开启「首次登录用户强制修改密码」按钮，强制处理方式设为""返回认证失败+短信通知""
4. 调用密码安全管理配置接口，关闭「对未通过密码强度检测的用户进行强制处理」按钮
5. 调用密码安全管理配置接口，开启「启用定期修改密码」按钮，强制处理方式设为""返回认证失败+短信通知""
6. 调用用户管理接口，创建测试用户并设置不符合密码策略的密码（如 rui12345，不含大写字母和特殊字符）
7. 调用模拟认证接口，触发用户首次1x有线认证
8. 调用认证日志查询接口，断言认证失败
9. 调用认证失败日志查询接口，断言失败原因包含「用户首次登录需修改密码」
10. 清理测试数据 - 调用接口删除测试用户/恢复密码策略默认配置","1.设置密码策略为包含首字母是大写字母、小写字母、长度3-30、数字，
2、开启首次登录用户强制修改密码、关闭未通过密码强度检测的用户强制修改密码、开启定时强制修改密码、开启提前短信通知
3.针对”首次登录用户强制修改密码“选择”返回认证失败+短信通知“
4.针对”首次登录用户强制修改密码“已配置好对应的网关和短信模板"
67014,,是,"1.用户1x有线认证失败
----用户收到”定期修改密码“的通知
2.在认证失败日志看到用户认证失败原因为：用户密码已过期","1.用户1x有线首次登录认证，密码为Rui12345
2.查看认证失败日志",配置组三个按钮开启/关闭的组合-首次用户登录,首次登录+符合密码策略+关闭首次登录用户强制修改密码+关闭对未通过密码强度检测的用户进行强制处理+开启定时强制修改密码（返回认证失败+短信通知）+开启提前短信通知（超出定时期间）,"1、用户1X有线首次登录，符合密码策略，定时强制修改密码常开(超出定时期间)
2、用户1x有线认证失败
----用户收到”定期修改密码“的通知",RG-UNC-dot1x密码复杂度-TP-030,dot1x密码复杂度/认证组合-首次登录,首次登录-符合策略-定时强制开-调用配置接口设策略-触发1x认证-断言认证失败-密码已过期,"1. 登录管理端 - 引用51401
2. 调用密码策略配置接口，设置密码复杂度要求（首字母大写、包含小写字母、数字、特殊字符，长度3-30）
3. 调用密码安全管理配置接口，关闭「首次登录用户强制修改密码」按钮
4. 调用密码安全管理配置接口，关闭「对未通过密码强度检测的用户进行强制处理」按钮
5. 调用密码安全管理配置接口，开启「启用定期修改密码」按钮，强制处理方式设为""返回认证失败+短信通知""
6. 调用用户管理接口，创建测试用户并设置符合密码策略的密码（如 Rui12345?，含大写+小写+数字+特殊字符）
7. 调用模拟认证接口，触发用户首次1x有线认证
8. 调用认证日志查询接口，断言认证失败
9. 调用认证失败日志查询接口，断言失败原因包含「密码已过期」
10. 清理测试数据 - 调用接口删除测试用户/恢复密码策略默认配置","1.设置密码策略为包含首字母是大写字母、小写字母、长度3-30、数字，
2、关闭首次登录用户强制修改密码、关闭未通过密码强度检测的用户强制修改密码、开启定时强制修改密码、开启提前短信通知
3.针对”定时强制修改密码”返回认证失败+短信通知“
4.针对”定时强制修改密码”已配置好对应的网关和短信模板“"
67015,,是,"1.用户1x无线认证失败
---用户收到”定期修改密码“的通知
2.在认证失败日志看到用户认证失败原因为：用户密码已过期","1.用户1x无线首次登录，密码为12345
2.查看认证失败日志",配置组三个按钮开启/关闭的组合-首次用户登录,首次登录+不符合密码策略+关闭首次登录用户强制修改密码+关闭对未通过密码强度检测的用户进行强制处理+开启定时强制修改密码（返回认证失败+短信通知）+开启提前短信通知（超出定时期间）,"1、用户1X无线首次登录，不符合密码策略，定时强制修改密码常开(超出定时期间）
2、用户1x无线认证失败
---用户收到”定期修改密码“的通知",RG-UNC-dot1x密码复杂度-TP-031,dot1x密码复杂度/认证组合-首次登录,首次登录-不符合策略-定时强制开-调用配置接口设策略-触发1x认证-断言认证失败-密码已过期,"1. 登录管理端 - 引用51401
2. 调用密码策略配置接口，设置密码复杂度要求（首字母大写、包含小写字母、数字、特殊字符，长度3-30）
3. 调用密码安全管理配置接口，关闭「首次登录用户强制修改密码」按钮
4. 调用密码安全管理配置接口，关闭「对未通过密码强度检测的用户进行强制处理」按钮
5. 调用密码安全管理配置接口，开启「启用定期修改密码」按钮，强制处理方式设为""返回认证失败+短信通知""
6. 调用用户管理接口，创建测试用户并设置不符合密码策略的密码（如 rui12345，不含大写字母和特殊字符）
7. 调用模拟认证接口，触发用户首次1x有线认证
8. 调用认证日志查询接口，断言认证失败
9. 调用认证失败日志查询接口，断言失败原因包含「密码已过期」
10. 清理测试数据 - 调用接口删除测试用户/恢复密码策略默认配置","1.设置密码策略为包含首字母是大写字母、小写字母、长度3-30、数字，
2、关闭首次登录用户强制修改密码、关闭未通过密码强度检测的用户强制修改密码、开启定时强制修改密码、开启提前短信通知
3.针对”定时强制修改密码”返回认证失败+短信通知“
4.针对”定时强制修改密码”已配置好对应的网关和短信模板“"
67016,,是,"1.用户1x有线认证失败
---用户无法收到”首次登录需修改密码“的通知
2.在认证失败日志看到用户认证失败原因为：用户首次登录需修改密码","1.用户1x有线首次登录认证，密码为Rui12345
2.查看认证失败日志",配置组三个按钮开启/关闭的组合-首次用户登录,首次登录+符合密码策略+开启首次登录用户强制修改密码（返回认证失败+短信通知、没有获取到用户手机号）+开启对未通过密码强度监测的用户进行强制处理+开启定时强制密码修改+开启提前短信通知（在定时期间的提醒通知时间）,"1、用户1X有线首次登录，符合密码策略，定时强制修改密码常开(在定时期间的提醒通知时间）
2、用户1x有线认证失败
---用户无法收到”首次登录需修改密码“的通知",RG-UNC-dot1x密码复杂度-TP-032,dot1x密码复杂度/认证组合-首次登录,首次登录-符合策略-首次登录强制开+强度检测强制开+定时强制开-调用配置接口设策略-触发1x认证-断言认证失败-用户首次登录需修改密码,"1. 登录管理端 - 引用51401
2. 调用密码策略配置接口，设置密码复杂度要求（首字母大写、包含小写字母、数字、特殊字符，长度3-30）
3. 调用密码安全管理配置接口，开启「首次登录用户强制修改密码」按钮，强制处理方式设为""返回认证失败+短信通知""
4. 调用密码安全管理配置接口，开启「对未通过密码强度检测的用户进行强制处理」按钮，强制处理方式设为""返回认证失败+短信通知""
5. 调用密码安全管理配置接口，开启「启用定期修改密码」按钮，强制处理方式设为""返回认证失败+短信通知""
6. 调用用户管理接口，创建测试用户并设置符合密码策略的密码（如 Rui12345?，含大写+小写+数字+特殊字符）
7. 调用模拟认证接口，触发用户首次1x有线认证
8. 调用认证日志查询接口，断言认证失败
9. 调用认证失败日志查询接口，断言失败原因包含「用户首次登录需修改密码」
10. 清理测试数据 - 调用接口删除测试用户/恢复密码策略默认配置","1.设置密码策略为包含首字母是大写字母、小写字母、长度3-30、数字，
2、开启首次登录用户强制修改密码、开启未通过密码强度检测的用户强制修改密码、开启定时强制修改密码、开启提前短信通知
3.针对”首次登录用户强制修改密码“选择”返回认证失败+短信通知“
4.针对”首次登录用户强制修改密码“已配置好对应的网关和短信模板
5.没有获取到用户手机号"
67017,,是,"1.用户1x无线认证失败
---用户收到”首次登录需修改密码“的通知
2..在认证失败日志看到用户认证失败原因为：用户首次登录需修改密码","1.用户1x无线首次登录，密码为12
2.查看认证失败日志",配置组三个按钮开启/关闭的组合-首次用户登录,首次登录+不符合密码策略+开启首次登录用户强制修改密码（返回认证失败+短信通知）+开启对未通过密码强度监测的用户进行强制处理+开启定时强制密码修改+开启提前短信通知（在定时期间的提醒通知时间）,"1、用户1X无线首次登录，不符合密码策略，定时强制修改密码常开(在定时期间的提醒通知时间）
2、用户1x无线认证失败
---用户收到”首次登录需修改密码“的通知",RG-UNC-dot1x密码复杂度-TP-033,dot1x密码复杂度/认证组合-首次登录,首次登录-不符合策略-首次登录强制开+强度检测强制开+定时强制开-调用配置接口设策略-触发1x认证-断言认证失败-用户首次登录需修改密码,"1. 登录管理端 - 引用51401
2. 调用密码策略配置接口，设置密码复杂度要求（首字母大写、包含小写字母、数字、特殊字符，长度3-30）
3. 调用密码安全管理配置接口，开启「首次登录用户强制修改密码」按钮，强制处理方式设为""返回认证失败+短信通知""
4. 调用密码安全管理配置接口，开启「对未通过密码强度检测的用户进行强制处理」按钮，强制处理方式设为""返回认证失败+短信通知""
5. 调用密码安全管理配置接口，开启「启用定期修改密码」按钮，强制处理方式设为""返回认证失败+短信通知""
6. 调用用户管理接口，创建测试用户并设置不符合密码策略的密码（如 rui12345，不含大写字母和特殊字符）
7. 调用模拟认证接口，触发用户首次1x有线认证
8. 调用认证日志查询接口，断言认证失败
9. 调用认证失败日志查询接口，断言失败原因包含「用户首次登录需修改密码」
10. 清理测试数据 - 调用接口删除测试用户/恢复密码策略默认配置","1.设置密码策略为包含长度3-30、数字，
2、开启首次登录用户强制修改密码、开启未通过密码强度检测的用户强制修改密码、开启定时强制修改密码、开启提前短信通知
3.针对”首次登录用户强制修改密码“选择”返回认证失败+短信通知“
4.针对”首次登录用户强制修改密码“已配置好对应的网关和短信模板"
67018,,是,1.用户1x有线认证成功,1.用户1x有线首次登录认证，密码为Rui12345,配置组三个按钮开启/关闭的组合-首次用户登录,首次登录+符合密码策略+关闭首次登录用户强制修改密码+开启对未通过密码强度监测的用户进行强制处理+开启定时强制密码修改（返回认证失败+短信通知）+开启提前短信通知（在定时期间的提醒通知时间）,"1、用户1X有线首次登录，符合密码策略，定时强制修改密码常开(在定时期间的提醒通知时间）
2、用户1x有线认证成功
---用户晚上21点收到""用户密码即将过期”的通知",RG-UNC-dot1x密码复杂度-TP-034,dot1x密码复杂度/认证组合-首次登录,首次登录-符合策略-强度检测强制开+定时强制开-调用配置接口设策略-触发1x认证-断言认证成功,"1. 登录管理端 - 引用51401
2. 调用密码策略配置接口，设置密码复杂度要求（首字母大写、包含小写字母、数字、特殊字符，长度3-30）
3. 调用密码安全管理配置接口，关闭「首次登录用户强制修改密码」按钮
4. 调用密码安全管理配置接口，开启「对未通过密码强度检测的用户进行强制处理」按钮，强制处理方式设为""返回认证失败+短信通知""
5. 调用密码安全管理配置接口，开启「启用定期修改密码」按钮，强制处理方式设为""返回认证失败+短信通知""
6. 调用用户管理接口，创建测试用户并设置符合密码策略的密码（如 Rui12345?，含大写+小写+数字+特殊字符）
7. 调用模拟认证接口，触发用户首次1x有线认证
8. 调用认证日志查询接口，断言认证成功
9. 清理测试数据 - 调用接口删除测试用户/恢复密码策略默认配置","1.设置密码策略为包含首字母是大写字母、小写字母、长度3-30、数字，
2、关闭首次登录用户强制修改密码、开启未通过密码强度检测的用户强制修改密码、开启定时强制修改密码、开启提前短信通知
3.针对”定时强制修改密码”返回认证失败+短信通知“
4.针对”定时强制修改密码”已配置好对应的网关和短信模板“"
67019,,是,"1.用户1x无线认证失败
---用户晚上21点收到“用户密码即将过期”的通知
2.在认证失败日志看到用户认证失败原因为：“用户未通过密码强度检测","1.用户1x无线首次登录，密码为rui1234512345
2.查看认证失败日志",配置组三个按钮开启/关闭的组合-首次用户登录,首次登录+不符合密码策略+关闭首次登录用户强制修改密码+开启对未通过密码强度监测的用户进行强制处理+开启定时强制密码修改（返回认证失败+短信通知）+开启提前短信通知（在定时期间的提醒通知时间）,"1、用户1X无线首次登录，不符合密码策略，定时强制修改密码常开(在定时期间的提醒通知时间）
2、用户1x无线认证失败
---用户晚上21点收到“用户密码即将过期”的通知",RG-UNC-dot1x密码复杂度-TP-035,dot1x密码复杂度/认证组合-首次登录,首次登录-不符合策略-强度检测强制开+定时强制开-调用配置接口设策略-触发1x认证-断言认证失败-未通过密码强度检测,"1. 登录管理端 - 引用51401
2. 调用密码策略配置接口，设置密码复杂度要求（首字母大写、包含小写字母、数字、特殊字符，长度3-30）
3. 调用密码安全管理配置接口，关闭「首次登录用户强制修改密码」按钮
4. 调用密码安全管理配置接口，开启「对未通过密码强度检测的用户进行强制处理」按钮，强制处理方式设为""返回认证失败+短信通知""
5. 调用密码安全管理配置接口，开启「启用定期修改密码」按钮，强制处理方式设为""返回认证失败+短信通知""
6. 调用用户管理接口，创建测试用户并设置不符合密码策略的密码（如 rui12345，不含大写字母和特殊字符）
7. 调用模拟认证接口，触发用户首次1x有线认证
8. 调用认证日志查询接口，断言认证失败
9. 调用认证失败日志查询接口，断言失败原因包含「未通过密码强度检测」
10. 清理测试数据 - 调用接口删除测试用户/恢复密码策略默认配置","1.设置密码策略为包含小写字母、长度3-10、数字，
2、关闭首次登录用户强制修改密码、开启未通过密码强度检测的用户强制修改密码、开启定时强制修改密码、开启提前短信通知
3.针对”定时强制修改密码”返回认证失败+短信通知“
4.针对”定时强制修改密码”已配置好对应的网关和短信模板“"
67020,,是,"1.用户1x有线认证失败
---用户无法收到”首次登录需修改密码“的通知
2.在认证失败日志看到用户认证失败原因为：用户首次登录需修改密码","1.用户1x有线首次登录认证，密码为Rui12345
2.查看认证失败日志",配置组三个按钮开启/关闭的组合-首次用户登录,首次登录+符合密码策略+开启首次登录用户强制修改密码（返回认证失败+短信通知、没有配置网关及短信模板）+关闭对未通过密码强度监测的用户进行强制处理+开启定时强制密码修改（返回认证失败+短信通知）+开启提前短信通知（在定时期间的提醒通知时间）,"1、用户1X有线首次登录，符合密码策略，定时强制修改密码常开(在定时期间的提醒通知时间）
2、用户1x有线认证失败
---用户无法收到”首次登录需修改密码“的通知",RG-UNC-dot1x密码复杂度-TP-036,dot1x密码复杂度/认证组合-首次登录,首次登录-符合策略-首次登录强制开+定时强制开-调用配置接口设策略-触发1x认证-断言认证失败-用户首次登录需修改密码,"1. 登录管理端 - 引用51401
2. 调用密码策略配置接口，设置密码复杂度要求（首字母大写、包含小写字母、数字、特殊字符，长度3-30）
3. 调用密码安全管理配置接口，开启「首次登录用户强制修改密码」按钮，强制处理方式设为""返回认证失败+短信通知""（注：短信网关/模板可能未配置）
4. 调用密码安全管理配置接口，关闭「对未通过密码强度检测的用户进行强制处理」按钮
5. 调用密码安全管理配置接口，开启「启用定期修改密码」按钮，强制处理方式设为""返回认证失败""
6. 调用用户管理接口，创建测试用户并设置符合密码策略的密码（如 Rui12345?，含大写+小写+数字+特殊字符）
7. 调用模拟认证接口，触发用户首次1x有线认证
8. 调用认证日志查询接口，断言认证失败
9. 调用认证失败日志查询接口，断言失败原因包含「用户首次登录需修改密码」
10. 清理测试数据 - 调用接口删除测试用户/恢复密码策略默认配置","1.设置密码策略为包含首字母是大写字母、小写字母、长度3-30、数字，
2、开启首次登录用户强制修改密码、关闭未通过密码强度检测的用户强制修改密码、开启定时强制修改密码、开启提前短信通知
3.针对”首次登录用户强制修改密码“选择”返回认证失败+短信通知“
--针对”定时强制修改密码”返回认证失败+短信通知“
4.针对”首次登录用户强制修改密码“没有配置好对应的网关和短信模板
--针对”定时强制修改密码”已配置好对应的网关和短信模板“"
67021,,是,"1.用户1x无线认证失败
---用户收到”首次登录需修改密码“的通知
2.在认证失败日志看到用户认证失败原因为：用户首次登录需修改密码","1.用户1x无线首次登录，密码为12345
2.查看认证失败日志",配置组三个按钮开启/关闭的组合-首次用户登录,首次登录+不符合密码策略+开启首次登录用户强制修改密码（返回认证失败+短信通知）+关闭对未通过密码强度监测的用户进行强制处理+开启定时强制密码修改（返回认证失败+短信通知）+开启提前短信通知（在定时期间的提醒通知时间）,"1、用户1X无线首次登录，不符合密码策略，定时强制修改密码常开(在定时期间的提醒通知时间）
2、用户1x无线认证失败
---用户收到”首次登录需修改密码“的通知",RG-UNC-dot1x密码复杂度-TP-037,dot1x密码复杂度/认证组合-首次登录,首次登录-不符合策略-首次登录强制开+定时强制开-调用配置接口设策略-触发1x认证-断言认证失败-用户首次登录需修改密码,"1. 登录管理端 - 引用51401
2. 调用密码策略配置接口，设置密码复杂度要求（首字母大写、包含小写字母、数字、特殊字符，长度3-30）
3. 调用密码安全管理配置接口，开启「首次登录用户强制修改密码」按钮，强制处理方式设为""返回认证失败+短信通知""
4. 调用密码安全管理配置接口，关闭「对未通过密码强度检测的用户进行强制处理」按钮
5. 调用密码安全管理配置接口，开启「启用定期修改密码」按钮，强制处理方式设为""返回认证失败+短信通知""
6. 调用用户管理接口，创建测试用户并设置不符合密码策略的密码（如 rui12345，不含大写字母和特殊字符）
7. 调用模拟认证接口，触发用户首次1x有线认证
8. 调用认证日志查询接口，断言认证失败
9. 调用认证失败日志查询接口，断言失败原因包含「用户首次登录需修改密码」
10. 清理测试数据 - 调用接口删除测试用户/恢复密码策略默认配置","1.设置密码策略为包含首字母是大写字母、小写字母、长度3-30、数字，
2、开启首次登录用户强制修改密码、开启未通过密码强度检测的用户强制修改密码、开启定时强制修改密码、开启提前短信通知
3.针对”首次登录用户强制修改密码“选择”返回认证失败+短信通知“
--针对”对未通过密码强度检测的用户进行强制处理”返回认证失败+短信通知“
--针对”定时强制修改密码”返回认证失败+短信通知“
4.针对”首次登录用户强制修改密码“已配置好对应的网关和短信模板
--针对”对未通过密码强度检测的用户进行强制处理”已配置好对应的网关和短信模板“
--针对”定时强制修改密码”已配置好对应的网关和短信模板“"
67022,,是,1.用户1x有线认证成功,1.用户1x有线首次登录认证，密码为Rui12345,配置组三个按钮开启/关闭的组合-首次用户登录,首次登录+符合密码策略+关闭首次登录用户强制修改密码+关闭对未通过密码强度监测的用户进行强制处理+开启定时强制密码修改（返回认证失败+短信通知）+开启提前短信通知（在定时期间的提醒通知时间）,"1、用户1X有线首次登录，符合密码策略，定时强制修改密码常开(在定时期间的提醒通知时间）
2、用户1x有线认证成功",RG-UNC-dot1x密码复杂度-TP-038,dot1x密码复杂度/认证组合-首次登录,首次登录-符合策略-定时强制开-调用配置接口设策略-触发1x认证-断言认证成功,"1. 登录管理端 - 引用51401
2. 调用密码策略配置接口，设置密码复杂度要求（首字母大写、包含小写字母、数字、特殊字符，长度3-30）
3. 调用密码安全管理配置接口，关闭「首次登录用户强制修改密码」按钮
4. 调用密码安全管理配置接口，关闭「对未通过密码强度检测的用户进行强制处理」按钮
5. 调用密码安全管理配置接口，开启「启用定期修改密码」按钮，强制处理方式设为""返回认证失败+短信通知""
6. 调用用户管理接口，创建测试用户并设置符合密码策略的密码（如 Rui12345?，含大写+小写+数字+特殊字符）
7. 调用模拟认证接口，触发用户首次1x有线认证
8. 调用认证日志查询接口，断言认证成功
9. 清理测试数据 - 调用接口删除测试用户/恢复密码策略默认配置","1.设置密码策略为包含首字母是大写字母、小写字母、长度3-30、数字，
2、关闭首次登录用户强制修改密码、关闭未通过密码强度检测的用户强制修改密码、开启定时强制修改密码、开启提前短信通知
3.针对”定时强制修改密码”返回认证失败+短信通知“
4.针对”定时强制修改密码”已配置好对应的网关和短信模板“"
67023,,是,"1.用户1x无线认证成功
---用户晚上21点无法收到""用户密码即将过期”的通知",1.用户1x无线首次登录，密码为12345,配置组三个按钮开启/关闭的组合-首次用户登录,首次登录+不符合密码策略+关闭首次登录用户强制修改密码+关闭对未通过密码强度监测的用户进行强制处理+开启定时强制密码修改（返回认证失败+短信通知）+关闭提前短信通知（在定时期间的提醒通知时间）,"1、用户1X无线首次登录，不符合密码策略，定时强制修改密码常开(在定时期间的提醒通知时间）
2、用户1x无线认证成功
---用户晚上21点无法收到""用户密码即将过期”的通知",RG-UNC-dot1x密码复杂度-TP-039,dot1x密码复杂度/认证组合-首次登录,首次登录-不符合策略-定时强制开-调用配置接口设策略-触发1x认证-断言认证成功,"1. 登录管理端 - 引用51401
2. 调用密码策略配置接口，设置密码复杂度要求（首字母大写、包含小写字母、数字、特殊字符，长度3-30）
3. 调用密码安全管理配置接口，关闭「首次登录用户强制修改密码」按钮
4. 调用密码安全管理配置接口，关闭「对未通过密码强度检测的用户进行强制处理」按钮
5. 调用密码安全管理配置接口，开启「启用定期修改密码」按钮，强制处理方式设为""返回认证失败+短信通知""
6. 调用用户管理接口，创建测试用户并设置不符合密码策略的密码（如 rui12345，不含大写字母和特殊字符）
7. 调用模拟认证接口，触发用户首次1x有线认证
8. 调用认证日志查询接口，断言认证成功
9. 清理测试数据 - 调用接口删除测试用户/恢复密码策略默认配置","1.设置密码策略为包含首字母是大写字母、小写字母、长度3-30、数字，
2、关闭首次登录用户强制修改密码、关闭未通过密码强度检测的用户强制修改密码、开启定时强制修改密码、关闭提前短信通知
3.针对”定时强制修改密码”返回认证失败+短信通知“
4.针对”定时强制修改密码”已配置好对应的网关和短信模板“"
67024,,是,"1.用户1x有线认证失败
---用户无法收到”首次登录需修改密码“的通知
2.在认证失败日志看到用户认证失败原因为：用户首次登录需修改密码","1.用户1x有线首次登录认证，密码为Rui12345
2.查看认证失败日志",配置组三个按钮开启/关闭的组合-首次用户登录,首次登录+符合密码策略+开启首次登录用户强制修改密码（返回认证失败+短信通知、没有获取到该用户手机号）+开启对未通过密码强度监测的用户进行强制处理（返回认证失败+短信通知）+关闭定时强制密码修改,"1、用户1X有线首次登录，符合密码策略，定时强制修改密码常关
2、用户1x有线认证失败
---用户无法收到”首次登录需修改密码“的通知",RG-UNC-dot1x密码复杂度-TP-040,dot1x密码复杂度/认证组合-首次登录,首次登录-符合策略-首次登录强制开+强度检测强制开-调用配置接口设策略-触发1x认证-断言认证失败-用户首次登录需修改密码,"1. 登录管理端 - 引用51401
2. 调用密码策略配置接口，设置密码复杂度要求（首字母大写、包含小写字母、数字、特殊字符，长度3-30）
3. 调用密码安全管理配置接口，开启「首次登录用户强制修改密码」按钮，强制处理方式设为""返回认证失败+短信通知""
4. 调用密码安全管理配置接口，开启「对未通过密码强度检测的用户进行强制处理」按钮，强制处理方式设为""返回认证失败+短信通知""
5. 调用密码安全管理配置接口，关闭「启用定期修改密码」按钮
6. 调用用户管理接口，创建测试用户并设置符合密码策略的密码（如 Rui12345?，含大写+小写+数字+特殊字符）
7. 调用模拟认证接口，触发用户首次1x有线认证
8. 调用认证日志查询接口，断言认证失败
9. 调用认证失败日志查询接口，断言失败原因包含「用户首次登录需修改密码」
10. 清理测试数据 - 调用接口删除测试用户/恢复密码策略默认配置","1.设置密码策略为包含首字母是大写字母、小写字母、长度3-30、数字，
2、开启首次登录用户强制修改密码、开启未通过密码强度检测的用户强制修改密码、关闭定时强制修改密码
3.针对”首次登录用户强制修改密码“选择”返回认证失败+短信通知“
--针对”对未通过密码强度检测的用户进行强制处理”返回认证失败+短信通知“
4.针对”首次登录用户强制修改密码“已配置好对应的网关和短信模板
--针对”对未通过密码强度检测的用户进行强制处理”已配置好对应的网关和短信模板“
5.没有获取到该用户手机号"
67025,,是,"1.用户1x无线认证失败
---用户收到”首次登录需修改密码“的通知
2.在认证失败日志看到用户认证失败原因为：用户首次登录需修改密码","1.用户1x无线首次登录，密码为Rui12345
2.查看认证失败日志",配置组三个按钮开启/关闭的组合-首次用户登录,首次登录+不符合密码策略+开启首次登录用户强制修改密码（返回认证失败+短信通知）+开启对未通过密码强度监测的用户进行强制处理(返回认证失败+短信通知）+关闭定时强制密码修改,"1、用户1X无线首次登录，不符合密码策略，定时强制修改密码常关
2、用户1x无线认证失败
---用户收到”首次登录需修改密码“的通知",RG-UNC-dot1x密码复杂度-TP-041,dot1x密码复杂度/认证组合-首次登录,首次登录-不符合策略-首次登录强制开+强度检测强制开-调用配置接口设策略-触发1x认证-断言认证失败-用户首次登录需修改密码,"1. 登录管理端 - 引用51401
2. 调用密码策略配置接口，设置密码复杂度要求（首字母大写、包含小写字母、数字、特殊字符，长度3-30）
3. 调用密码安全管理配置接口，开启「首次登录用户强制修改密码」按钮，强制处理方式设为""返回认证失败+短信通知""
4. 调用密码安全管理配置接口，开启「对未通过密码强度检测的用户进行强制处理」按钮，强制处理方式设为""返回认证失败+短信通知""
5. 调用密码安全管理配置接口，关闭「启用定期修改密码」按钮
6. 调用用户管理接口，创建测试用户并设置不符合密码策略的密码（如 rui12345，不含大写字母和特殊字符）
7. 调用模拟认证接口，触发用户首次1x有线认证
8. 调用认证日志查询接口，断言认证失败
9. 调用认证失败日志查询接口，断言失败原因包含「用户首次登录需修改密码」
10. 清理测试数据 - 调用接口删除测试用户/恢复密码策略默认配置","1.设置密码策略为包含首字母是大写字母、小写字母、长度3-30、数字，禁用密码为Rui12345
2、开启首次登录用户强制修改密码、开启未通过密码强度检测的用户强制修改密码、关闭定时强制修改密码
3.针对”首次登录用户强制修改密码“选择”返回认证失败+短信通知“
--针对”对未通过密码强度检测的用户进行强制处理”返回认证失败+短信通知“
4.针对”首次登录用户强制修改密码“已配置好对应的网关和短信模板
--针对”对未通过密码强度检测的用户进行强制处理”已配置好对应的网关和短信模板“"
67026,,是,1.用户1x有线认证成功,1.用户1x有线首次登录认证，密码为Rui12345,配置组三个按钮开启/关闭的组合-首次用户登录,首次登录+符合密码策略+关闭首次登录用户强制修改密码+开启对未通过密码强度监测的用户进行强制处理（返回认证失败+短信通知）+关闭定时强制密码修改,"1、用户1X有线首次登录，符合密码策略，定时强制修改密码常关
2、用户1x有线认证成功",RG-UNC-dot1x密码复杂度-TP-042,dot1x密码复杂度/认证组合-首次登录,首次登录-符合策略-强度检测强制开-调用配置接口设策略-触发1x认证-断言认证成功,"1. 登录管理端 - 引用51401
2. 调用密码策略配置接口，设置密码复杂度要求（首字母大写、包含小写字母、数字、特殊字符，长度3-30）
3. 调用密码安全管理配置接口，关闭「首次登录用户强制修改密码」按钮
4. 调用密码安全管理配置接口，开启「对未通过密码强度检测的用户进行强制处理」按钮，强制处理方式设为""返回认证失败+短信通知""
5. 调用密码安全管理配置接口，关闭「启用定期修改密码」按钮
6. 调用用户管理接口，创建测试用户并设置符合密码策略的密码（如 Rui12345?，含大写+小写+数字+特殊字符）
7. 调用模拟认证接口，触发用户首次1x有线认证
8. 调用认证日志查询接口，断言认证成功
9. 清理测试数据 - 调用接口删除测试用户/恢复密码策略默认配置","1.设置密码策略为包含首字母是大写字母、小写字母、长度3-30、数字，
2、关闭首次登录用户强制修改密码、开启未通过密码强度检测的用户强制修改密码、关闭定时强制修改密码
3.针对”对未通过密码强度检测的用户进行强制处理”返回认证失败+短信通知“
4.针对”对未通过密码强度检测的用户进行强制处理”已配置好对应的网关和短信模板“"
67027,,是,"1.用户1x无线认证失败
---用户无法收到”未通过强度检测的修改“通知  
2.在认证失败日志看到用户认证失败原因为：“用户未通过密码强度检测","1.用户1x无线首次登录，密码为12345
2.查看认证失败日志",配置组三个按钮开启/关闭的组合-首次用户登录,首次登录+不符合密码策略+关闭首次登录用户强制修改密码+开启对未通过密码强度监测的用户进行强制处理（返回认证失败+短信通知、没有配置对应的网关及短信模板）+关闭定时强制密码修改,"1、用户1X无线首次登录，不符合密码策略，定时强制修改密码常关
2、用户1x无线认证失败
---用户无法收到”未通过强度检测的修改“通知",RG-UNC-dot1x密码复杂度-TP-043,dot1x密码复杂度/认证组合-首次登录,首次登录-不符合策略-强度检测强制开-调用配置接口设策略-触发1x认证-断言认证失败-未通过密码强度检测,"1. 登录管理端 - 引用51401
2. 调用密码策略配置接口，设置密码复杂度要求（首字母大写、包含小写字母、数字、特殊字符，长度3-30）
3. 调用密码安全管理配置接口，关闭「首次登录用户强制修改密码」按钮
4. 调用密码安全管理配置接口，开启「对未通过密码强度检测的用户进行强制处理」按钮，强制处理方式设为""返回认证失败""
5. 调用密码安全管理配置接口，关闭「启用定期修改密码」按钮
6. 调用用户管理接口，创建测试用户并设置不符合密码策略的密码（如 rui12345，不含大写字母和特殊字符）
7. 调用模拟认证接口，触发用户首次1x有线认证
8. 调用认证日志查询接口，断言认证失败
9. 调用认证失败日志查询接口，断言失败原因包含「未通过密码强度检测」
10. 清理测试数据 - 调用接口删除测试用户/恢复密码策略默认配置","1.设置密码策略为包含首字母是大写字母、小写字母、长度3-30、数字，
2、关闭首次登录用户强制修改密码、开启未通过密码强度检测的用户强制修改密码、关闭定时强制修改密码
3.针对”对未通过密码强度检测的用户进行强制处理”返回认证失败+短信通知“
4.针对”对未通过密码强度检测的用户进行强制处理”没有配置好对应的网关和短信模板“"
67028,,是,"1.用户1x有线认证失败
---用户收到”首次登录需修改密码“的通知
2..在认证失败日志看到用户认证失败原因为：用户首次登录需修改密码","1.用户1x有线首次登录认证，密码为Rui12345
2.查看认证失败日志",配置组三个按钮开启/关闭的组合-首次用户登录,首次登录+符合密码策略+开启首次登录用户强制修改密码（返回认证失败+短信通知）+关闭对未通过密码强度监测的用户进行强制处理+关闭定时强制密码修改,"1、用户1X有线首次登录，符合密码策略，定时强制修改密码常关
2、用户1x有线认证失败
---用户收到”首次登录需修改密码“的通知",RG-UNC-dot1x密码复杂度-TP-044,dot1x密码复杂度/认证组合-首次登录,首次登录-符合策略-首次登录强制开-调用配置接口设策略-触发1x认证-断言认证失败-用户首次登录需修改密码,"1. 登录管理端 - 引用51401
2. 调用密码策略配置接口，设置密码复杂度要求（首字母大写、包含小写字母、数字、特殊字符，长度3-30）
3. 调用密码安全管理配置接口，开启「首次登录用户强制修改密码」按钮，强制处理方式设为""返回认证失败+短信通知""
4. 调用密码安全管理配置接口，关闭「对未通过密码强度检测的用户进行强制处理」按钮
5. 调用密码安全管理配置接口，关闭「启用定期修改密码」按钮
6. 调用用户管理接口，创建测试用户并设置符合密码策略的密码（如 Rui12345?，含大写+小写+数字+特殊字符）
7. 调用模拟认证接口，触发用户首次1x有线认证
8. 调用认证日志查询接口，断言认证失败
9. 调用认证失败日志查询接口，断言失败原因包含「用户首次登录需修改密码」
10. 清理测试数据 - 调用接口删除测试用户/恢复密码策略默认配置","1.设置密码策略为包含首字母是大写字母、小写字母、长度3-30、数字，
2、开启首次登录用户强制修改密码、关闭未通过密码强度检测的用户强制修改密码、关闭定时强制修改密码
3.针对”首次登录用户强制修改密码“选择”返回认证失败+短信通知“
4.针对”首次登录用户强制修改密码“已配置好对应的网关和短信模板"
67029,,是,"1.用户1x无线认证失败
2..在认证失败日志看到用户认证失败原因为：用户首次登录需修改密码","1.用户1x无线首次登录，密码为12345
2.查看认证失败日志",配置组三个按钮开启/关闭的组合-首次用户登录,首次登录+不符合密码策略+开启首次登录用户强制修改密码+关闭对未通过密码强度监测的用户进行强制处理+关闭定时强制密码修改,"1、用户1X无线首次登录，不符合密码策略，定时强制修改密码常关
2、用户1x无线认证失败",RG-UNC-dot1x密码复杂度-TP-045,dot1x密码复杂度/认证组合-首次登录,首次登录-不符合策略-首次登录强制开-调用配置接口设策略-触发1x认证-断言认证失败-用户首次登录需修改密码,"1. 登录管理端 - 引用51401
2. 调用密码策略配置接口，设置密码复杂度要求（首字母大写、包含小写字母、数字、特殊字符，长度3-30）
3. 调用密码安全管理配置接口，开启「首次登录用户强制修改密码」按钮，强制处理方式设为""返回认证失败""
4. 调用密码安全管理配置接口，关闭「对未通过密码强度检测的用户进行强制处理」按钮
5. 调用密码安全管理配置接口，关闭「启用定期修改密码」按钮
6. 调用用户管理接口，创建测试用户并设置不符合密码策略的密码（如 rui12345，不含大写字母和特殊字符）
7. 调用模拟认证接口，触发用户首次1x有线认证
8. 调用认证日志查询接口，断言认证失败
9. 调用认证失败日志查询接口，断言失败原因包含「用户首次登录需修改密码」
10. 清理测试数据 - 调用接口删除测试用户/恢复密码策略默认配置","1.设置密码策略为包含首字母是大写字母、小写字母、长度3-30、数字，
2、开启首次登录用户强制修改密码、关闭未通过密码强度检测的用户强制修改密码、关闭定时强制修改密码"
67030,,是,1.用户1x有线认证成功,1.用户1x有线首次登录认证，密码为Rui12345,配置组三个按钮开启/关闭的组合-首次用户登录,首次登录+符合密码策略+关闭首次登录用户强制修改密码+关闭对未通过密码强度监测的用户进行强制处理+关闭定时强制密码修改,"1、用户1X有线首次登录，符合密码策略，定时强制修改密码常关
2、用户1x有线认证成功",RG-UNC-dot1x密码复杂度-TP-046,dot1x密码复杂度/认证组合-首次登录,首次登录-符合策略-三策略均关-调用配置接口设策略-触发1x认证-断言认证成功,"1. 登录管理端 - 引用51401
2. 调用密码策略配置接口，设置密码复杂度要求（首字母大写、包含小写字母、数字、特殊字符，长度3-30）
3. 调用密码安全管理配置接口，关闭「首次登录用户强制修改密码」按钮
4. 调用密码安全管理配置接口，关闭「对未通过密码强度检测的用户进行强制处理」按钮
5. 调用密码安全管理配置接口，关闭「启用定期修改密码」按钮
6. 调用用户管理接口，创建测试用户并设置符合密码策略的密码（如 Rui12345?，含大写+小写+数字+特殊字符）
7. 调用模拟认证接口，触发用户首次1x有线认证
8. 调用认证日志查询接口，断言认证成功
9. 清理测试数据 - 调用接口删除测试用户/恢复密码策略默认配置","1.设置密码策略为包含首字母是大写字母、小写字母、长度3-30、数字，
2、关闭首次登录用户强制修改密码、关闭未通过密码强度检测的用户强制修改密码、关闭定时强制修改密码"
67031,,是,1.用户1x无线认证成功,1.用户1x无线首次登录，密码为12345,配置组三个按钮开启/关闭的组合-首次用户登录,首次登录+不符合密码策略+关闭首次登录用户强制修改密码+关闭对未通过密码强度监测的用户进行强制处理+关闭定时强制密码修改,"1、用户1X无线首次登录，不符合密码策略，定时强制修改密码常关
2、用户1x无线认证成功",RG-UNC-dot1x密码复杂度-TP-047,dot1x密码复杂度/认证组合-首次登录,首次登录-不符合策略-三策略均关-调用配置接口设策略-触发1x认证-断言认证成功,"1. 登录管理端 - 引用51401
2. 调用密码策略配置接口，设置密码复杂度要求（首字母大写、包含小写字母、数字、特殊字符，长度3-30）
3. 调用密码安全管理配置接口，关闭「首次登录用户强制修改密码」按钮
4. 调用密码安全管理配置接口，关闭「对未通过密码强度检测的用户进行强制处理」按钮
5. 调用密码安全管理配置接口，关闭「启用定期修改密码」按钮
6. 调用用户管理接口，创建测试用户并设置不符合密码策略的密码（如 rui12345，不含大写字母和特殊字符）
7. 调用模拟认证接口，触发用户首次1x有线认证
8. 调用认证日志查询接口，断言认证成功
9. 清理测试数据 - 调用接口删除测试用户/恢复密码策略默认配置","1.设置密码策略为包含首字母是大写字母、小写字母、长度3-30、数字，
2、关闭首次登录用户强制修改密码、关闭未通过密码强度检测的用户强制修改密码、关闭定时强制修改密码"
67032,,是,1.用户1x有线认证成功,1.用户1x有线非首次登录认证，密码为Rui12345,配置组三个按钮开启/关闭的组合-非首次用户登录,非首次登录+符合密码策略+开启首次登录用户强制修改密码（返回认证失败+短信通知）+开启对未通过密码强度监测的用户进行强制处理（返回认证失败+短信通知）+开启定时强制密码修改（返回认证失败+短信通知）+开启提前短信通知（在定时期间内）,"1、用户1X有线非首次登录，符合密码策略，定时强制密码修改常开(在定时期间内）
2、用户1x有线认证成功",RG-UNC-dot1x密码复杂度-TP-048,dot1x密码复杂度/认证组合-首次登录,非首次登录-符合策略-首次登录强制开+强度检测强制开+定时强制开-调用配置接口设策略-触发1x认证-断言认证成功,"1. 登录管理端 - 引用51401
2. 调用密码策略配置接口，设置密码复杂度要求（首字母大写、包含小写字母、数字、特殊字符，长度3-30）
3. 调用密码安全管理配置接口，开启「首次登录用户强制修改密码」按钮，强制处理方式设为""返回认证失败+短信通知""
4. 调用密码安全管理配置接口，开启「对未通过密码强度检测的用户进行强制处理」按钮，强制处理方式设为""返回认证失败+短信通知""
5. 调用密码安全管理配置接口，开启「启用定期修改密码」按钮，强制处理方式设为""返回认证失败+短信通知""
6. 调用用户管理接口，创建测试用户并设置符合密码策略的密码（如 Rui12345?，含大写+小写+数字+特殊字符）
7. 调用模拟认证接口，触发用户非首次1x有线认证
8. 调用认证日志查询接口，断言认证成功
9. 清理测试数据 - 调用接口删除测试用户/恢复密码策略默认配置","1.设置密码策略为包含首字母是大写字母、小写字母、长度3-30、数字，
2、开启首次登录用户强制修改密码、开启未通过密码强度检测的用户强制修改密码、开启定时强制修改密码、开启提前短信通知
3.针对”首次登录用户强制修改密码“选择”返回认证失败+短信通知“
--针对”对未通过密码强度检测的用户进行强制处理”返回认证失败+短信通知“
--针对”定时强制修改密码”返回认证失败+短信通知“
4.针对”首次登录用户强制修改密码“已配置好对应的网关和短信模板
--针对”对未通过密码强度检测的用户进行强制处理”已配置好对应的网关和短信模板“
--针对”定时强制修改密码”已配置好对应的网关和短信模板“"
67033,,是,"1.用户1x无线认证失败
---用户收到”未通过强度检测用户处理“的短信通知
2.在认证失败日志看到用户认证失败原因为：“用户未通过密码强度检测","1.用户1x无线首次登录，密码为12345
2.查看认证失败日志",配置组三个按钮开启/关闭的组合-非首次用户登录,非首次登录+不符合密码策略+开启首次登录用户强制修改密码（返回认证失败+短信通知）+开启对未通过密码强度监测的用户进行强制处理（返回认证失败+短信通知）+开启定时强制密码修改（返回认证失败+短信通知）+开启提前短信通知（在定时期间内）,"1、用户1X无线非首次登录，不符合密码策略，定时强制密码修改常开(在定时期间内
2、用户1x无线认证失败
---用户收到”未通过强度检测用户处理“的短信通知",RG-UNC-dot1x密码复杂度-TP-049,dot1x密码复杂度/认证组合-首次登录,非首次登录-不符合策略-首次登录强制开+强度检测强制开+定时强制开-调用配置接口设策略-触发1x认证-断言认证失败-未通过密码强度检测,"1. 登录管理端 - 引用51401
2. 调用密码策略配置接口，设置密码复杂度要求（首字母大写、包含小写字母、数字、特殊字符，长度3-30）
3. 调用密码安全管理配置接口，开启「首次登录用户强制修改密码」按钮，强制处理方式设为""返回认证失败+短信通知""
4. 调用密码安全管理配置接口，开启「对未通过密码强度检测的用户进行强制处理」按钮，强制处理方式设为""返回认证失败+短信通知""
5. 调用密码安全管理配置接口，开启「启用定期修改密码」按钮，强制处理方式设为""返回认证失败+短信通知""
6. 调用用户管理接口，创建测试用户并设置不符合密码策略的密码（如 rui12345，不含大写字母和特殊字符）
7. 调用模拟认证接口，触发用户非首次1x有线认证
8. 调用认证日志查询接口，断言认证失败
9. 调用认证失败日志查询接口，断言失败原因包含「未通过密码强度检测」
10. 清理测试数据 - 调用接口删除测试用户/恢复密码策略默认配置","1.设置密码策略为包含首字母是大写字母、长度3-30、数字，
2、开启首次登录用户强制修改密码、开启未通过密码强度检测的用户强制修改密码、开启定时强制修改密码、开启提前短信通知
3.针对”首次登录用户强制修改密码“选择”返回认证失败+短信通知“
--针对”对未通过密码强度检测的用户进行强制处理”返回认证失败+短信通知“
--针对”定时强制修改密码”返回认证失败+短信通知“
4.针对”首次登录用户强制修改密码“已配置好对应的网关和短信模板
--针对”对未通过密码强度检测的用户进行强制处理”已配置好对应的网关和短信模板“
--针对”定时强制修改密码”已配置好对应的网关和短信模板“"
67034,,是,1.用户1x有线认证成功,1.用户1x有线非首次登录认证，密码为Rui12345,配置组三个按钮开启/关闭的组合-非首次用户登录,非首次登录+符合密码策略+关闭首次登录用户强制修改密码+开启对未通过密码强度监测的用户进行强制处理（返回认证失败+短信通知）+开启定时强制密码修改+开启提前短信通知（在定时期间内）,"1、用户1X有线非首次登录，符合密码策略，定时强制密码修改常开(在定时期间内
2、用户1x有线认证成功",RG-UNC-dot1x密码复杂度-TP-050,dot1x密码复杂度/认证组合-首次登录,非首次登录-符合策略-强度检测强制开+定时强制开-调用配置接口设策略-触发1x认证-断言认证成功,"1. 登录管理端 - 引用51401
2. 调用密码策略配置接口，设置密码复杂度要求（首字母大写、包含小写字母、数字、特殊字符，长度3-30）
3. 调用密码安全管理配置接口，关闭「首次登录用户强制修改密码」按钮
4. 调用密码安全管理配置接口，开启「对未通过密码强度检测的用户进行强制处理」按钮，强制处理方式设为""返回认证失败+短信通知""
5. 调用密码安全管理配置接口，开启「启用定期修改密码」按钮，强制处理方式设为""返回认证失败+短信通知""
6. 调用用户管理接口，创建测试用户并设置符合密码策略的密码（如 Rui12345?，含大写+小写+数字+特殊字符）
7. 调用模拟认证接口，触发用户非首次1x有线认证
8. 调用认证日志查询接口，断言认证成功
9. 清理测试数据 - 调用接口删除测试用户/恢复密码策略默认配置","1.设置密码策略为包含首字母是大写字母、小写字母、长度3-30、数字，
2、关闭首次登录用户强制修改密码、开启未通过密码强度检测的用户强制修改密码、开启定时强制修改密码、开启提前短信通知
3.针对”对未通过密码强度检测的用户进行强制处理”返回认证失败+短信通知“
4.针对”对未通过密码强度检测的用户进行强制处理”已配置好对应的网关和短信模板“"
67035,,是,"1.用户1x无线认证失败
---用户无法收到”未通过强度检测用户处理“的短信通知
2.在认证失败日志看到用户认证失败原因为：“用户未通过密码强度检测","1.用户1x无线首次登录，密码为Rui123
2.查看认证失败日志",配置组三个按钮开启/关闭的组合-非首次用户登录,非首次登录+不符合密码策略+关闭首次登录用户强制修改密码+开启对未通过密码强度监测的用户进行强制处理（返回认证失败+短信通知、没有获取用户手机号）+开启定时强制密码修改+开启提前短信通知（在定时期间内）,"1、用户1X无线非首次登录，不符合密码策略，定时强制密码修改常开(在定时期间内）
2、用户1x无线认证失败
---用户无法收到”未通过强度检测用户处理“的短信通知",RG-UNC-dot1x密码复杂度-TP-051,dot1x密码复杂度/认证组合-首次登录,非首次登录-不符合策略-强度检测强制开+定时强制开-调用配置接口设策略-触发1x认证-断言认证失败-未通过密码强度检测,"1. 登录管理端 - 引用51401
2. 调用密码策略配置接口，设置密码复杂度要求（首字母大写、包含小写字母、数字、特殊字符，长度3-30）
3. 调用密码安全管理配置接口，关闭「首次登录用户强制修改密码」按钮
4. 调用密码安全管理配置接口，开启「对未通过密码强度检测的用户进行强制处理」按钮，强制处理方式设为""返回认证失败+短信通知""
5. 调用密码安全管理配置接口，开启「启用定期修改密码」按钮，强制处理方式设为""返回认证失败+短信通知""
6. 调用用户管理接口，创建测试用户并设置不符合密码策略的密码（如 rui12345，不含大写字母和特殊字符）
7. 调用模拟认证接口，触发用户非首次1x有线认证
8. 调用认证日志查询接口，断言认证失败
9. 调用认证失败日志查询接口，断言失败原因包含「未通过密码强度检测」
10. 清理测试数据 - 调用接口删除测试用户/恢复密码策略默认配置","1.设置密码策略为包含首字母是大写字母、小写字母、长度8-30、数字，
2、开启首次登录用户强制修改密码、开启未通过密码强度检测的用户强制修改密码、开启定时强制修改密码、开启提前短信通知
3.针对”首次登录用户强制修改密码“选择”返回认证失败+短信通知“
--针对”对未通过密码强度检测的用户进行强制处理”返回认证失败+短信通知“
--针对”定时强制修改密码”返回认证失败+短信通知“
4.针对”首次登录用户强制修改密码“已配置好对应的网关和短信模板
--针对”对未通过密码强度检测的用户进行强制处理”已配置好对应的网关和短信模板“
--针对”定时强制修改密码”已配置好对应的网关和短信模板“"
67036,,是,1.用户1x有线认证成功,1.用户1x有线非首次登录认证，密码为Rui12345,配置组三个按钮开启/关闭的组合-非首次用户登录,非首次登录+符合密码策略+开启首次登录用户强制修改密码（返回认证失败+短信通知）+关闭对未通过密码强度监测的用户进行强制处理+开启定时强制密码修改（返回认证失败+短信通知）+开启提前短信通知（在定时期间内）,"1、用户1X有线非首次登录，符合密码策略，定时强制密码修改常开(在定时期间内
2、用户1x有线认证成功",RG-UNC-dot1x密码复杂度-TP-052,dot1x密码复杂度/认证组合-首次登录,非首次登录-符合策略-首次登录强制开+定时强制开-调用配置接口设策略-触发1x认证-断言认证成功,"1. 登录管理端 - 引用51401
2. 调用密码策略配置接口，设置密码复杂度要求（首字母大写、包含小写字母、数字、特殊字符，长度3-30）
3. 调用密码安全管理配置接口，开启「首次登录用户强制修改密码」按钮，强制处理方式设为""返回认证失败+短信通知""
4. 调用密码安全管理配置接口，关闭「对未通过密码强度检测的用户进行强制处理」按钮
5. 调用密码安全管理配置接口，开启「启用定期修改密码」按钮，强制处理方式设为""返回认证失败+短信通知""
6. 调用用户管理接口，创建测试用户并设置符合密码策略的密码（如 Rui12345?，含大写+小写+数字+特殊字符）
7. 调用模拟认证接口，触发用户非首次1x有线认证
8. 调用认证日志查询接口，断言认证成功
9. 清理测试数据 - 调用接口删除测试用户/恢复密码策略默认配置","1.设置密码策略为包含首字母是大写字母、小写字母、长度3-30、数字，
2、开启首次登录用户强制修改密码、关闭未通过密码强度检测的用户强制修改密码、开启定时强制修改密码、开启提前短信通知
3.针对”首次登录用户强制修改密码“选择”返回认证失败+短信通知“
--针对”定时强制修改密码”返回认证失败+短信通知“
4.针对”首次登录用户强制修改密码“已配置好对应的网关和短信模板
--针对”定时强制修改密码”已配置好对应的网关和短信模板“"
67037,,是,1.用户1x无线认证成功,1.用户1x无线首次登录，密码为12345,配置组三个按钮开启/关闭的组合-非首次用户登录,非首次登录+不符合密码策略+开启首次登录用户强制修改密码（返回认证失败+短信通知）+关闭对未通过密码强度监测的用户进行强制处理+开启定时强制密码修改（返回认证失败+短信通知）+开启提前短信通知（在定时期间内）,"1、用户1X无线非首次登录，不符合密码策略，定时强制密码修改常开(在定时期间内）
2、用户1x无线认证成功",RG-UNC-dot1x密码复杂度-TP-053,dot1x密码复杂度/认证组合-首次登录,非首次登录-不符合策略-首次登录强制开+定时强制开-调用配置接口设策略-触发1x认证-断言认证成功,"1. 登录管理端 - 引用51401
2. 调用密码策略配置接口，设置密码复杂度要求（首字母大写、包含小写字母、数字、特殊字符，长度3-30）
3. 调用密码安全管理配置接口，开启「首次登录用户强制修改密码」按钮，强制处理方式设为""返回认证失败+短信通知""
4. 调用密码安全管理配置接口，关闭「对未通过密码强度检测的用户进行强制处理」按钮
5. 调用密码安全管理配置接口，开启「启用定期修改密码」按钮，强制处理方式设为""返回认证失败+短信通知""
6. 调用用户管理接口，创建测试用户并设置不符合密码策略的密码（如 rui12345，不含大写字母和特殊字符）
7. 调用模拟认证接口，触发用户非首次1x有线认证
8. 调用认证日志查询接口，断言认证成功
9. 清理测试数据 - 调用接口删除测试用户/恢复密码策略默认配置","1.设置密码策略为包含首字母是大写字母、小写字母、长度3-30、数字，
2、开启首次登录用户强制修改密码、关闭未通过密码强度检测的用户强制修改密码、开启定时强制修改密码、开启提前短信通知
3.针对”首次登录用户强制修改密码“选择”返回认证失败+短信通知“
--针对”定时强制修改密码”返回认证失败+短信通知“
4.针对”首次登录用户强制修改密码“已配置好对应的网关和短信模板
--针对”定时强制修改密码”已配置好对应的网关和短信模板“"
67038,,是,1.用户1x有线认证成功,1.用户1x有线非首次登录认证，密码为Rui12345,配置组三个按钮开启/关闭的组合-非首次用户登录,非首次登录+符合密码策略+关闭首次登录用户强制修改密码+关闭对未通过密码强度监测的用户进行强制处理+开启定时强制密码修改（返回认证失败+短信通知）+开启提前短信通知（在定时期间内）,"1、用户1X有线非首次登录，符合密码策略，定时强制密码修改常开(在定时期间内)
2、用户1x有线认证成功",RG-UNC-dot1x密码复杂度-TP-054,dot1x密码复杂度/认证组合-首次登录,非首次登录-符合策略-定时强制开-调用配置接口设策略-触发1x认证-断言认证成功,"1. 登录管理端 - 引用51401
2. 调用密码策略配置接口，设置密码复杂度要求（首字母大写、包含小写字母、数字、特殊字符，长度3-30）
3. 调用密码安全管理配置接口，关闭「首次登录用户强制修改密码」按钮
4. 调用密码安全管理配置接口，关闭「对未通过密码强度检测的用户进行强制处理」按钮
5. 调用密码安全管理配置接口，开启「启用定期修改密码」按钮，强制处理方式设为""返回认证失败+短信通知""
6. 调用用户管理接口，创建测试用户并设置符合密码策略的密码（如 Rui12345?，含大写+小写+数字+特殊字符）
7. 调用模拟认证接口，触发用户非首次1x有线认证
8. 调用认证日志查询接口，断言认证成功
9. 清理测试数据 - 调用接口删除测试用户/恢复密码策略默认配置","1.设置密码策略为包含首字母是大写字母、小写字母、长度3-30、数字，
2、关闭首次登录用户强制修改密码、关闭未通过密码强度检测的用户强制修改密码、开启定时强制修改密码、开启提前短信通知
3.针对”定时强制修改密码”返回认证失败+短信通知“
4.针对”定时强制修改密码”已配置好对应的网关和短信模板“"
67039,,是,1.用户1x无线认证成功,1.用户1x无线首次登录，密码为12345,配置组三个按钮开启/关闭的组合-非首次用户登录,非首次登录+不符合密码策略+关闭首次登录用户强制修改密码+关闭对未通过密码强度监测的用户进行强制处理+开启定时强制密码修改（返回认证失败+短信通知）+开启提前短信通知（在定时期间内）,"1、用户1X无线非首次登录，不符合密码策略，定时强制密码修改常开(在定时期间内
2、用户1x无线认证成功",RG-UNC-dot1x密码复杂度-TP-055,dot1x密码复杂度/认证组合-首次登录,非首次登录-不符合策略-定时强制开-调用配置接口设策略-触发1x认证-断言认证成功,"1. 登录管理端 - 引用51401
2. 调用密码策略配置接口，设置密码复杂度要求（首字母大写、包含小写字母、数字、特殊字符，长度3-30）
3. 调用密码安全管理配置接口，关闭「首次登录用户强制修改密码」按钮
4. 调用密码安全管理配置接口，关闭「对未通过密码强度检测的用户进行强制处理」按钮
5. 调用密码安全管理配置接口，开启「启用定期修改密码」按钮，强制处理方式设为""返回认证失败+短信通知""
6. 调用用户管理接口，创建测试用户并设置不符合密码策略的密码（如 rui12345，不含大写字母和特殊字符）
7. 调用模拟认证接口，触发用户非首次1x有线认证
8. 调用认证日志查询接口，断言认证成功
9. 清理测试数据 - 调用接口删除测试用户/恢复密码策略默认配置","1.设置密码策略为包含首字母是大写字母、小写字母、长度3-30、数字，
2、关闭首次登录用户强制修改密码、关闭未通过密码强度检测的用户强制修改密码、开启定时强制修改密码、开启提前短信通知
3.针对”定时强制修改密码”返回认证失败+短信通知“
4.针对”定时强制修改密码”已配置好对应的网关和短信模板“"
67040,,是,"1.用户1x有线认证失败
2.在认证失败日志看到用户认证失败原因为：“用户密码已过期“","1.用户1x有线非首次登录认证，密码为rui12345
2.查看认证失败日志",配置组三个按钮开启/关闭的组合-非首次用户登录,非首次登录+符合密码策略+开启首次登录用户强制修改密码+开启对未通过密码强度监测的用户进行强制处理+开启定时强制密码修改+开启提前短信通知（超出定时期间内）,"1、用户1X有线非首次登录，符合密码策略，定时强制密码修改常开(超出定时期间）
2、用户1x有线认证失败",RG-UNC-dot1x密码复杂度-TP-056,dot1x密码复杂度/认证组合-首次登录,非首次登录-符合策略-首次登录强制开+强度检测强制开+定时强制开-调用配置接口设策略-触发1x认证-断言认证失败-密码已过期,"1. 登录管理端 - 引用51401
2. 调用密码策略配置接口，设置密码复杂度要求（首字母大写、包含小写字母、数字、特殊字符，长度3-30）
3. 调用密码安全管理配置接口，开启「首次登录用户强制修改密码」按钮，强制处理方式设为""返回认证失败""
4. 调用密码安全管理配置接口，开启「对未通过密码强度检测的用户进行强制处理」按钮，强制处理方式设为""返回认证失败""
5. 调用密码安全管理配置接口，开启「启用定期修改密码」按钮，强制处理方式设为""返回认证失败""
6. 调用用户管理接口，创建测试用户并设置符合密码策略的密码（如 Rui12345?，含大写+小写+数字+特殊字符）
7. 调用模拟认证接口，触发用户非首次1x有线认证
8. 调用认证日志查询接口，断言认证失败
9. 调用认证失败日志查询接口，断言失败原因包含「密码已过期」
10. 清理测试数据 - 调用接口删除测试用户/恢复密码策略默认配置","1.设置密码策略为包含小写字母、长度3-30、数字，
2、开启首次登录用户强制修改密码、开启未通过密码强度检测的用户强制修改密码、开启定时强制修改密码、开启提前短信通知"
67041,,是,"1.用户1x无线认证失败
---用户无法收到密码已经过期通知
2.在认证失败日志看到用户认证失败原因为：“用户未通过密码强度监测“","1.用户1x无线首次登录，密码为123454321
2.查看认证失败日志",配置组三个按钮开启/关闭的组合-非首次用户登录,非首次登录+不符合密码策略+开启首次登录用户强制修改密码+开启对未通过密码强度监测的用户进行强制处理+开启定时强制密码修改（返回认证失败+短信通知）+开启提前短信通知时间（超出定时期间内）,"1、用户1X无线非首次登录，不符合密码策略，定时强制密码修改常开(超出定时期间）
2、用户1x无线认证失败
---用户无法收到密码已经过期通知",RG-UNC-dot1x密码复杂度-TP-057,dot1x密码复杂度/认证组合-首次登录,非首次登录-不符合策略-首次登录强制开+强度检测强制开+定时强制开-调用配置接口设策略-触发1x认证-断言认证失败,"1. 登录管理端 - 引用51401
2. 调用密码策略配置接口，设置密码复杂度要求（首字母大写、包含小写字母、数字、特殊字符，长度3-30）
3. 调用密码安全管理配置接口，开启「首次登录用户强制修改密码」按钮，强制处理方式设为""返回认证失败+短信通知""
4. 调用密码安全管理配置接口，开启「对未通过密码强度检测的用户进行强制处理」按钮，强制处理方式设为""返回认证失败+短信通知""
5. 调用密码安全管理配置接口，开启「启用定期修改密码」按钮，强制处理方式设为""返回认证失败+短信通知""
6. 调用用户管理接口，创建测试用户并设置不符合密码策略的密码（如 rui12345，不含大写字母和特殊字符）
7. 调用模拟认证接口，触发用户非首次1x有线认证
8. 调用认证日志查询接口，断言认证失败
9. 清理测试数据 - 调用接口删除测试用户/恢复密码策略默认配置","1.设置密码策略为包含首字母是长度3-30、数字，禁用回文
2、开启首次登录用户强制修改密码、开启未通过密码强度检测的用户强制修改密码、开启定时强制修改密码、开启提前短信通知
3.针对”定时强制修改密码”返回认证失败+短信通知“
4.针对”定时强制修改密码”已配置好对应的网关和短信模板“"
67042,,是,"1.用户1x有线认证失败
---用户无法收到”用户密码已经过期“通知
2.在认证失败日志看到用户认证失败原因为：“用户密码已过期“","1.用户1x有线非首次登录认证，密码为Rui12345
2.查看认证失败日志",配置组三个按钮开启/关闭的组合-非首次用户登录,非首次登录+符合密码策略+关闭首次登录用户强制修改密码+开启对未通过密码强度监测的用户进行强制处理（返回认证失败+短信通知）+开启定时强制密码修改（返回认证失败+短信通知、没有配置对应的网关及短信模板）+开启提前短信通知（超出定时期间内）,"1、用户1X有线非首次登录，符合密码策略，定时强制密码修改常开(超出定时期间）
2、用户1x有线认证失败
---用户无法收到”用户密码已经过期“通知",RG-UNC-dot1x密码复杂度-TP-058,dot1x密码复杂度/认证组合-首次登录,非首次登录-符合策略-强度检测强制开+定时强制开-调用配置接口设策略-触发1x认证-断言认证失败-密码已过期,"1. 登录管理端 - 引用51401
2. 调用密码策略配置接口，设置密码复杂度要求（首字母大写、包含小写字母、数字、特殊字符，长度3-30）
3. 调用密码安全管理配置接口，关闭「首次登录用户强制修改密码」按钮
4. 调用密码安全管理配置接口，开启「对未通过密码强度检测的用户进行强制处理」按钮，强制处理方式设为""返回认证失败""
5. 调用密码安全管理配置接口，开启「启用定期修改密码」按钮，强制处理方式设为""返回认证失败""
6. 调用用户管理接口，创建测试用户并设置符合密码策略的密码（如 Rui12345?，含大写+小写+数字+特殊字符）
7. 调用模拟认证接口，触发用户非首次1x有线认证
8. 调用认证日志查询接口，断言认证失败
9. 调用认证失败日志查询接口，断言失败原因包含「密码已过期」
10. 清理测试数据 - 调用接口删除测试用户/恢复密码策略默认配置","1.设置密码策略为包含首字母是大写字母、小写字母、长度3-30、数字，
2、关闭首次登录用户强制修改密码、开启未通过密码强度检测的用户强制修改密码、开启定时强制修改密码、开启提前短信通知
3.针对”对未通过密码强度检测的用户进行强制处理”返回认证失败+短信通知“
--针对”定时强制修改密码”返回认证失败+短信通知“
4.针对”对未通过密码强度检测的用户进行强制处理”已配置好对应的网关和短信模板“
--针对”定时强制修改密码”没有配置好对应的网关和短信模板“"
67043,,是,"1.用户1x无线认证失败
---用户收到”未通过强度检测用户处理“的短信通知
2.在认证失败日志看到用户认证失败原因为：“用户未通过密码强度检测","1.用户1x无线首次登录，密码为rrr12345
2.查看认证失败日志",配置组三个按钮开启/关闭的组合-非首次用户登录,非首次登录+不符合密码策略+关闭首次登录用户强制修改密码+开启对未通过密码强度监测的用户进行强制处理（返回认证失败+短信通知）+开启定时强制密码修改（返回认证失败+短信通知）+开启提前短信通知（超出定时期间内）,"1、用户1X无线非首次登录，不符合密码策略，定时强制密码修改常开(超出定时期间）
2、用户1x无线认证失败
---用户收到”未通过强度检测用户处理“的短信通知",RG-UNC-dot1x密码复杂度-TP-059,dot1x密码复杂度/认证组合-首次登录,非首次登录-不符合策略-强度检测强制开+定时强制开-调用配置接口设策略-触发1x认证-断言认证失败-未通过密码强度检测,"1. 登录管理端 - 引用51401
2. 调用密码策略配置接口，设置密码复杂度要求（首字母大写、包含小写字母、数字、特殊字符，长度3-30）
3. 调用密码安全管理配置接口，关闭「首次登录用户强制修改密码」按钮
4. 调用密码安全管理配置接口，开启「对未通过密码强度检测的用户进行强制处理」按钮，强制处理方式设为""返回认证失败+短信通知""
5. 调用密码安全管理配置接口，开启「启用定期修改密码」按钮，强制处理方式设为""返回认证失败+短信通知""
6. 调用用户管理接口，创建测试用户并设置不符合密码策略的密码（如 rui12345，不含大写字母和特殊字符）
7. 调用模拟认证接口，触发用户非首次1x有线认证
8. 调用认证日志查询接口，断言认证失败
9. 调用认证失败日志查询接口，断言失败原因包含「未通过密码强度检测」
10. 清理测试数据 - 调用接口删除测试用户/恢复密码策略默认配置","1.设置密码策略为包含小写字母、长度3-30、数字，禁止包含任何连续两次出现的字符
2、关闭首次登录用户强制修改密码、开启未通过密码强度检测的用户强制修改密码、开启定时强制修改密码、开启提前短信通知
3.针对”对未通过密码强度检测的用户进行强制处理”返回认证失败+短信通知“
--针对”定时强制修改密码”返回认证失败+短信通知“
4.针对”对未通过密码强度检测的用户进行强制处理”已配置好对应的网关和短信模板“
--针对”定时强制修改密码”已配置好对应的网关和短信模板“"
67044,,是,"1.用户1x有线认证失败
---用户收到密码已经过期通知
2.在认证失败日志看到用户认证失败原因为：“用户密码已过期“","1.用户1x有线非首次登录认证，密码为Rui12345
2.查看认证失败日志",配置组三个按钮开启/关闭的组合-非首次用户登录,非首次登录+符合密码策略+开启首次登录用户强制修改密码+关闭对未通过密码强度监测的用户进行强制处理+开启定时强制密码修改（返回认证失败+短信通知、）+开启提前短信通知（超出定时期间内）,"1、用户1X有线非首次登录，符合密码策略，定时强制密码修改常开(超出定时期间）
2、用户1x有线认证失败
---用户收到密码已经过期通知",RG-UNC-dot1x密码复杂度-TP-060,dot1x密码复杂度/认证组合-首次登录,非首次登录-符合策略-首次登录强制开+定时强制开-调用配置接口设策略-触发1x认证-断言认证失败-密码已过期,"1. 登录管理端 - 引用51401
2. 调用密码策略配置接口，设置密码复杂度要求（首字母大写、包含小写字母、数字、特殊字符，长度3-30）
3. 调用密码安全管理配置接口，开启「首次登录用户强制修改密码」按钮，强制处理方式设为""返回认证失败+短信通知""
4. 调用密码安全管理配置接口，关闭「对未通过密码强度检测的用户进行强制处理」按钮
5. 调用密码安全管理配置接口，开启「启用定期修改密码」按钮，强制处理方式设为""返回认证失败+短信通知""
6. 调用用户管理接口，创建测试用户并设置符合密码策略的密码（如 Rui12345?，含大写+小写+数字+特殊字符）
7. 调用模拟认证接口，触发用户非首次1x有线认证
8. 调用认证日志查询接口，断言认证失败
9. 调用认证失败日志查询接口，断言失败原因包含「密码已过期」
10. 清理测试数据 - 调用接口删除测试用户/恢复密码策略默认配置","1.设置密码策略为包含首字母是大写字母、小写字母、长度3-30、数字，
2、开启首次登录用户强制修改密码、关闭未通过密码强度检测的用户强制修改密码、开启定时强制修改密码、开启提前短信通知
3.针对”定时强制修改密码”返回认证失败+短信通知“
4.针对”定时强制修改密码”已配置好对应的网关和短信模板“"
67045,,是,"1.用户1x无线认证失败
---用户无法收到”用户密码已经过期“的通知
2.在认证失败日志看到用户认证失败原因为：“用户密码已过期“","1.用户1x无线首次登录，密码为12345
2.查看认证失败日志",配置组三个按钮开启/关闭的组合-非首次用户登录,非首次登录+不符合密码策略+开启首次登录用户强制修改密码+关闭对未通过密码强度监测的用户进行强制处理+开启定时强制密码修改（返回认证失败+短信通知、没有获取到用户手机号）+开启提前短信通知（超出定时期间内）,"1、用户1X无线非首次登录，不符合密码策略，定时强制密码修改常开(超出定时期间）
2、用户1x无线认证失败
---用户无法收到”用户密码已经过期“的通知",RG-UNC-dot1x密码复杂度-TP-061,dot1x密码复杂度/认证组合-首次登录,非首次登录-不符合策略-首次登录强制开+定时强制开-调用配置接口设策略-触发1x认证-断言认证失败-密码已过期,"1. 登录管理端 - 引用51401
2. 调用密码策略配置接口，设置密码复杂度要求（首字母大写、包含小写字母、数字、特殊字符，长度3-30）
3. 调用密码安全管理配置接口，开启「首次登录用户强制修改密码」按钮，强制处理方式设为""返回认证失败+短信通知""
4. 调用密码安全管理配置接口，关闭「对未通过密码强度检测的用户进行强制处理」按钮
5. 调用密码安全管理配置接口，开启「启用定期修改密码」按钮，强制处理方式设为""返回认证失败+短信通知""
6. 调用用户管理接口，创建测试用户并设置不符合密码策略的密码（如 rui12345，不含大写字母和特殊字符）
7. 调用模拟认证接口，触发用户非首次1x有线认证
8. 调用认证日志查询接口，断言认证失败
9. 调用认证失败日志查询接口，断言失败原因包含「密码已过期」
10. 清理测试数据 - 调用接口删除测试用户/恢复密码策略默认配置","1.设置密码策略为包含首字母是大写字母、小写字母、长度3-30、数字，
2、开启首次登录用户强制修改密码、关闭未通过密码强度检测的用户强制修改密码、开启定时强制修改密码、开启提前短信通知
3.针对”定时强制修改密码”返回认证失败+短信通知“
4.针对”定时强制修改密码”已配置好对应的网关和短信模板“
5.没有获取到用户手机号"
67046,,是,"1.用户1x有线认证失败
---用户收到”用户密码已经过期“的通知
2.在认证失败日志看到用户认证失败原因为：“用户密码已过期“","1.用户1x有线非首次登录认证，密码为Rui12345
2.查看认证失败日志",配置组三个按钮开启/关闭的组合-非首次用户登录,非首次登录+符合密码策略+关闭首次登录用户强制修改密码+关闭对未通过密码强度监测的用户进行强制处理+开启定时强制密码修改（返回认证失败+短信通知）+开启提前短信通知（超出定时期间内）,"1、用户1X有线非首次登录，符合密码策略，定时强制密码修改常开(超出定时期间）
2、用户1x有线认证失败
---用户收到”用户密码已经过期“的通知",RG-UNC-dot1x密码复杂度-TP-062,dot1x密码复杂度/认证组合-首次登录,非首次登录-符合策略-定时强制开-调用配置接口设策略-触发1x认证-断言认证失败-密码已过期,"1. 登录管理端 - 引用51401
2. 调用密码策略配置接口，设置密码复杂度要求（首字母大写、包含小写字母、数字、特殊字符，长度3-30）
3. 调用密码安全管理配置接口，关闭「首次登录用户强制修改密码」按钮
4. 调用密码安全管理配置接口，关闭「对未通过密码强度检测的用户进行强制处理」按钮
5. 调用密码安全管理配置接口，开启「启用定期修改密码」按钮，强制处理方式设为""返回认证失败+短信通知""
6. 调用用户管理接口，创建测试用户并设置符合密码策略的密码（如 Rui12345?，含大写+小写+数字+特殊字符）
7. 调用模拟认证接口，触发用户非首次1x有线认证
8. 调用认证日志查询接口，断言认证失败
9. 调用认证失败日志查询接口，断言失败原因包含「密码已过期」
10. 清理测试数据 - 调用接口删除测试用户/恢复密码策略默认配置","1.设置密码策略为包含首字母是大写字母、小写字母、长度3-30、数字，
2、关闭首次登录用户强制修改密码、关闭未通过密码强度检测的用户强制修改密码、开启定时强制修改密码、开启提前短信通知
3.针对”定时强制修改密码”返回认证失败+短信通知“
4.针对”定时强制修改密码”已配置好对应的网关和短信模板“"
67047,,是,"1.用户1x无线认证失败
---用户收到”用户密码已经过期“的通知
2.在认证失败日志看到用户认证失败原因为：“用户密码已过期“","1.用户1x无线首次登录，密码为12345
2.查看认证失败日志",配置组三个按钮开启/关闭的组合-非首次用户登录,非首次登录+不符合密码策略+关闭首次登录用户强制修改密码+关闭对未通过密码强度监测的用户进行强制处理+开启定时强制密码修改（返回认证失败+短信通知）+关闭提前短信通知（超出定时期间内）,"1、用户1X无线非首次登录，不符合密码策略，定时强制密码修改常开(超出定时期间）
2、用户1x无线认证失败
---用户收到”用户密码已经过期“的通知",RG-UNC-dot1x密码复杂度-TP-063,dot1x密码复杂度/认证组合-首次登录,非首次登录-不符合策略-定时强制开-调用配置接口设策略-触发1x认证-断言认证失败-密码已过期,"1. 登录管理端 - 引用51401
2. 调用密码策略配置接口，设置密码复杂度要求（首字母大写、包含小写字母、数字、特殊字符，长度3-30）
3. 调用密码安全管理配置接口，关闭「首次登录用户强制修改密码」按钮
4. 调用密码安全管理配置接口，关闭「对未通过密码强度检测的用户进行强制处理」按钮
5. 调用密码安全管理配置接口，开启「启用定期修改密码」按钮，强制处理方式设为""返回认证失败+短信通知""
6. 调用用户管理接口，创建测试用户并设置不符合密码策略的密码（如 rui12345，不含大写字母和特殊字符）
7. 调用模拟认证接口，触发用户非首次1x有线认证
8. 调用认证日志查询接口，断言认证失败
9. 调用认证失败日志查询接口，断言失败原因包含「密码已过期」
10. 清理测试数据 - 调用接口删除测试用户/恢复密码策略默认配置","1.设置密码策略为包含首字母是大写字母、小写字母、长度3-30、数字，
2、关闭首次登录用户强制修改密码、关闭未通过密码强度检测的用户强制修改密码、开启定时强制修改密码、关闭提前短信通知
3.针对”定时强制修改密码”返回认证失败+短信通知“
4.针对”定时强制修改密码”已配置好对应的网关和短信模板“"
67048,,是,1.用户1x有线认证成功,1.用户1x有线非首次登录认证，密码12345,配置组三个按钮开启/关闭的组合-非首次用户登录,非首次登录+符合密码策略+开启首次登录用户强制修改密码（返回认证失败+短信通知）+开启对未通过密码强度监测的用户进行强制处理（返回认证失败+短信通知）+开启定时强制密码修改（返回认证失败+短信通知）+开启提前短信通知（未超出定时期间在提醒通知时间）,"1、用户1X有线非首次登录，符合密码策略，定时强制密码修改常开(未超出定时期间在提醒通知时间）
2、用户1x有线认证成功",RG-UNC-dot1x密码复杂度-TP-064,dot1x密码复杂度/认证组合-首次登录,非首次登录-符合策略-首次登录强制开+强度检测强制开+定时强制开-调用配置接口设策略-触发1x认证-断言认证成功,"1. 登录管理端 - 引用51401
2. 调用密码策略配置接口，设置密码复杂度要求（首字母大写、包含小写字母、数字、特殊字符，长度3-30）
3. 调用密码安全管理配置接口，开启「首次登录用户强制修改密码」按钮，强制处理方式设为""返回认证失败+短信通知""
4. 调用密码安全管理配置接口，开启「对未通过密码强度检测的用户进行强制处理」按钮，强制处理方式设为""返回认证失败+短信通知""
5. 调用密码安全管理配置接口，开启「启用定期修改密码」按钮，强制处理方式设为""返回认证失败+短信通知""
6. 调用用户管理接口，创建测试用户并设置符合密码策略的密码（如 Rui12345?，含大写+小写+数字+特殊字符）
7. 调用模拟认证接口，触发用户非首次1x有线认证
8. 调用认证日志查询接口，断言认证成功
9. 清理测试数据 - 调用接口删除测试用户/恢复密码策略默认配置","1.设置密码策略为包含长度3-30、数字，
2、开启首次登录用户强制修改密码、开启未通过密码强度检测的用户强制修改密码、开启定时强制修改密码、开启提前短信通知
3.针对”首次登录用户强制修改密码“选择”返回认证失败+短信通知“
--针对”对未通过密码强度检测的用户进行强制处理”返回认证失败+短信通知“
--针对”定时强制修改密码”返回认证失败+短信通知“
4.针对”首次登录用户强制修改密码“已配置好对应的网关和短信模板
--针对”对未通过密码强度检测的用户进行强制处理”已配置好对应的网关和短信模板“
--针对”定时强制修改密码”已配置好对应的网关和短信模板“"
67049,,是,"1.用户1x无线认证失败
---用户无法收到””未通过强度检测用户处理“的短信通知
---用户晚上21点收到“用户密码即将过期”的通知
2.在认证失败日志看到用户认证失败原因为：“用户未通过密码强度检测","1.用户1x无线首次登录，密码为Rui12345
2.查看认证失败日志",配置组三个按钮开启/关闭的组合-非首次用户登录,非首次登录+不符合密码策略+开启首次登录用户强制修改密码（返回认证失败+短信通知）+开启对未通过密码强度监测的用户进行强制处理（返回认证失败+短信通知、没有配置对应的网关和短信模板）+开启定时强制密码修改（返回认证失败+短信通知）+开启提前短信通知（未超出定时期间在提醒通知时间）,"1、用户1X无线非首次登录，不符合密码策略，定时强制密码修改常开(未超出定时期间在提醒通知时间）
2、用户1x无线认证失败
---用户无法收到””未通过强度检测用户处理“的短信通知
---用户晚上21点收到“用户密码即将过期”的通知",RG-UNC-dot1x密码复杂度-TP-065,dot1x密码复杂度/认证组合-首次登录,非首次登录-不符合策略-首次登录强制开+强度检测强制开+定时强制开-调用配置接口设策略-触发1x认证-断言认证失败-未通过密码强度检测,"1. 登录管理端 - 引用51401
2. 调用密码策略配置接口，设置密码复杂度要求（首字母大写、包含小写字母、数字、特殊字符，长度3-30）
3. 调用密码安全管理配置接口，开启「首次登录用户强制修改密码」按钮，强制处理方式设为""返回认证失败+短信通知""（注：短信网关/模板可能未配置）
4. 调用密码安全管理配置接口，开启「对未通过密码强度检测的用户进行强制处理」按钮，强制处理方式设为""返回认证失败""
5. 调用密码安全管理配置接口，开启「启用定期修改密码」按钮，强制处理方式设为""返回认证失败""
6. 调用用户管理接口，创建测试用户并设置不符合密码策略的密码（如 rui12345，不含大写字母和特殊字符）
7. 调用模拟认证接口，触发用户非首次1x有线认证
8. 调用认证日志查询接口，断言认证失败
9. 调用认证失败日志查询接口，断言失败原因包含「未通过密码强度检测」
10. 清理测试数据 - 调用接口删除测试用户/恢复密码策略默认配置","1.设置密码策略为包含首字母是大写字母、小写字母、长度3-30、数字，禁止包含用户名中5个连续字符，用户名为test12345
2、开启首次登录用户强制修改密码、开启未通过密码强度检测的用户强制修改密码、开启定时强制修改密码、开启提前短信通知
3.针对”首次登录用户强制修改密码“选择”返回认证失败+短信通知“
--针对”对未通过密码强度检测的用户进行强制处理”返回认证失败+短信通知“
--针对”定时强制修改密码”返回认证失败+短信通知“
4.针对”首次登录用户强制修改密码“已配置好对应的网关和短信模板
--针对”对未通过密码强度检测的用户进行强制处理”没有配置好对应的网关和短信模板“
--针对”定时强制修改密码”已配置好对应的网关和短信模板“"
67050,,是,"1.用户1x有线认证成功
---用户无法收到“用户密码即将过期”的通知",1.用户1x有线非首次登录认证，密码为Rui12345,配置组三个按钮开启/关闭的组合-非首次用户登录,非首次登录+符合密码策略+关闭首次登录用户强制修改密码+开启对未通过密码强度监测的用户进行强制处理+开启定时强制密码修改（开启认证失败+短信通知、没有获取用户手机号）+开启提前短信通知（未超出定时期间在提醒通知时间）,"1、用户1X有线非首次登录，符合密码策略，定时强制密码修改常开(未超出定时期间在提醒通知时间）
2、用户1x有线认证成功
---用户晚上21点无法收到“用户密码即将过期”的通知",RG-UNC-dot1x密码复杂度-TP-066,dot1x密码复杂度/认证组合-首次登录,非首次登录-符合策略-强度检测强制开+定时强制开-调用配置接口设策略-触发1x认证-断言认证成功,"1. 登录管理端 - 引用51401
2. 调用密码策略配置接口，设置密码复杂度要求（首字母大写、包含小写字母、数字、特殊字符，长度3-30）
3. 调用密码安全管理配置接口，关闭「首次登录用户强制修改密码」按钮
4. 调用密码安全管理配置接口，开启「对未通过密码强度检测的用户进行强制处理」按钮，强制处理方式设为""返回认证失败""
5. 调用密码安全管理配置接口，开启「启用定期修改密码」按钮，强制处理方式设为""返回认证失败""
6. 调用用户管理接口，创建测试用户并设置符合密码策略的密码（如 Rui12345?，含大写+小写+数字+特殊字符）
7. 调用模拟认证接口，触发用户非首次1x有线认证
8. 调用认证日志查询接口，断言认证成功
9. 清理测试数据 - 调用接口删除测试用户/恢复密码策略默认配置","1.设置密码策略为包含首字母是大写字母、小写字母、长度3-30、数字，
2、关闭首次登录用户强制修改密码、开启未通过密码强度检测的用户强制修改密码、开启定时强制修改密码、开启提前短信通知
3.针对”定时强制修改密码”返回认证失败+短信通知“
4.针对”定时强制修改密码”已配置好对应的网关和短信模板“
5.没有获取到用户手机号"
67051,,是,"1.用户1x无线认证失败
---用户收到””未通过强度检测用户处理“的短信通知
2.在认证失败日志看到用户认证失败原因为：“用户未通过密码强度检测","1.用户1x无线首次登录，密码为ruijie@123
2.查看认证失败日志",配置组三个按钮开启/关闭的组合-非首次用户登录,非首次登录+不符合密码策略+关闭首次登录用户强制修改密码+开启对未通过密码强度监测的用户进行强制处理（返回认证失败+短信通知）+开启定时强制密码修改（返回认证失败+短信通知）+开启提前短信通知（未超出定时期间在提醒通知时间）,"1、用户1X无线非首次登录，不符合密码策略，定时强制密码修改常开(未超出定时期间在提醒通知时间）
2、用户1x无线认证失败
---用户收到””未通过强度检测用户处理“的短信通知",RG-UNC-dot1x密码复杂度-TP-067,dot1x密码复杂度/认证组合-首次登录,非首次登录-不符合策略-强度检测强制开+定时强制开-调用配置接口设策略-触发1x认证-断言认证失败-未通过密码强度检测,"1. 登录管理端 - 引用51401
2. 调用密码策略配置接口，设置密码复杂度要求（首字母大写、包含小写字母、数字、特殊字符，长度3-30）
3. 调用密码安全管理配置接口，关闭「首次登录用户强制修改密码」按钮
4. 调用密码安全管理配置接口，开启「对未通过密码强度检测的用户进行强制处理」按钮，强制处理方式设为""返回认证失败+短信通知""
5. 调用密码安全管理配置接口，开启「启用定期修改密码」按钮，强制处理方式设为""返回认证失败+短信通知""
6. 调用用户管理接口，创建测试用户并设置不符合密码策略的密码（如 rui12345，不含大写字母和特殊字符）
7. 调用模拟认证接口，触发用户非首次1x有线认证
8. 调用认证日志查询接口，断言认证失败
9. 调用认证失败日志查询接口，断言失败原因包含「未通过密码强度检测」
10. 清理测试数据 - 调用接口删除测试用户/恢复密码策略默认配置","1.设置密码策略为包含小写字母、长度3-30、数字，特殊字符，禁用密码为ruijie@123
2、关闭首次登录用户强制修改密码、开启未通过密码强度检测的用户强制修改密码、开启定时强制修改密码、开启提前短信通知
3.针对”对未通过密码强度检测的用户进行强制处理”返回认证失败+短信通知“
--针对”定时强制修改密码”返回认证失败+短信通知“
4.针对”对未通过密码强度检测的用户进行强制处理”已配置好对应的网关和短信模板“
--针对”定时强制修改密码”已配置好对应的网关和短信模板“"
67052,,是,"1.用户1x有线认证成功
---用户收到“用户密码即将过期”的通知",1.用户1x有线非首次登录认证，密码为Rui12345,配置组三个按钮开启/关闭的组合-非首次用户登录,非首次登录+符合密码策略+开启首次登录用户强制修改密码+关闭对未通过密码强度监测的用户进行强制处理+开启定时强制密码修改（返回认证失败+短信通知）+开启提前短信通知（未超出定时期间在提醒通知时间）,"1、用户1X有线非首次登录，符合密码策略，定时强制密码修改常开(未超出定时期间在提醒通知时间）
2、用户1x有线认证成功
---用户晚上21点收到“用户密码即将过期”的通知",RG-UNC-dot1x密码复杂度-TP-068,dot1x密码复杂度/认证组合-首次登录,非首次登录-符合策略-首次登录强制开+定时强制开-调用配置接口设策略-触发1x认证-断言认证成功,"1. 登录管理端 - 引用51401
2. 调用密码策略配置接口，设置密码复杂度要求（首字母大写、包含小写字母、数字、特殊字符，长度3-30）
3. 调用密码安全管理配置接口，开启「首次登录用户强制修改密码」按钮，强制处理方式设为""返回认证失败+短信通知""
4. 调用密码安全管理配置接口，关闭「对未通过密码强度检测的用户进行强制处理」按钮
5. 调用密码安全管理配置接口，开启「启用定期修改密码」按钮，强制处理方式设为""返回认证失败+短信通知""
6. 调用用户管理接口，创建测试用户并设置符合密码策略的密码（如 Rui12345?，含大写+小写+数字+特殊字符）
7. 调用模拟认证接口，触发用户非首次1x有线认证
8. 调用认证日志查询接口，断言认证成功
9. 清理测试数据 - 调用接口删除测试用户/恢复密码策略默认配置","1.设置密码策略为包含首字母是大写字母、小写字母、长度3-30、数字，
2、开启首次登录用户强制修改密码、关闭未通过密码强度检测的用户强制修改密码、开启定时强制修改密码、开启提前短信通知
3.针对”定时强制修改密码”返回认证失败+短信通知“
4.针对”定时强制修改密码”已配置好对应的网关和短信模板“"
67053,,是,"1.用户1x无线认证成功
---用户无法收到“用户密码即将过期”的通知",1.用户1x无线首次登录，密码为Ruiruiruirui,配置组三个按钮开启/关闭的组合-非首次用户登录,非首次登录+不符合密码策略+开启首次登录用户强制修改密码+关闭对未通过密码强度监测的用户进行强制处理+开启定时强制密码修改（返回认证失败+短信通知、没有配置好网关及短信模板）+开启提前短信通知（未超出定时期间在提醒通知时间）,"1、用户1X无线非首次登录，不符合密码策略，定时强制密码修改常开(未超出定时期间在提醒通知时间）
2、用户1x无线认证成功
---用户晚上21点无法收到“用户密码即将过期”的通知",RG-UNC-dot1x密码复杂度-TP-069,dot1x密码复杂度/认证组合-首次登录,非首次登录-不符合策略-首次登录强制开+定时强制开-调用配置接口设策略-触发1x认证-断言认证成功,"1. 登录管理端 - 引用51401
2. 调用密码策略配置接口，设置密码复杂度要求（首字母大写、包含小写字母、数字、特殊字符，长度3-30）
3. 调用密码安全管理配置接口，开启「首次登录用户强制修改密码」按钮，强制处理方式设为""返回认证失败+短信通知""（注：短信网关/模板可能未配置）
4. 调用密码安全管理配置接口，关闭「对未通过密码强度检测的用户进行强制处理」按钮
5. 调用密码安全管理配置接口，开启「启用定期修改密码」按钮，强制处理方式设为""返回认证失败""
6. 调用用户管理接口，创建测试用户并设置不符合密码策略的密码（如 rui12345，不含大写字母和特殊字符）
7. 调用模拟认证接口，触发用户非首次1x有线认证
8. 调用认证日志查询接口，断言认证成功
9. 清理测试数据 - 调用接口删除测试用户/恢复密码策略默认配置","1.设置密码策略为包含首字母是大写字母、小写字母、长度3-10、
2、开启首次登录用户强制修改密码、关闭未通过密码强度检测的用户强制修改密码、开启定时强制修改密码、开启提前短信通知
3.针对”定时强制修改密码”返回认证失败+短信通知“
4.针对”定时强制修改密码”没有配置好对应的网关和短信模板“"
67054,,是,"1.用户1x有线认证成功
---用户无法收到“用户密码即将过期”的通知",1.用户1x有线非首次登录认证，密码为Rui12345,配置组三个按钮开启/关闭的组合-非首次用户登录,非首次登录+符合密码策略+关闭首次登录用户强制修改密码+关闭对未通过密码强度监测的用户进行强制处理+开启定时强制密码修改（返回认证失败+短信通知）+关闭提前短信通知（未超出定时期间在提醒通知时间）,"1、用户1X有线非首次登录，符合密码策略，定时强制密码修改常开(未超出定时期间在提醒通知时间）
2、用户1x有线认证成功
---用户无法收到“用户密码即将过期”的通知",RG-UNC-dot1x密码复杂度-TP-070,dot1x密码复杂度/认证组合-首次登录,非首次登录-符合策略-定时强制开-调用配置接口设策略-触发1x认证-断言认证成功,"1. 登录管理端 - 引用51401
2. 调用密码策略配置接口，设置密码复杂度要求（首字母大写、包含小写字母、数字、特殊字符，长度3-30）
3. 调用密码安全管理配置接口，关闭「首次登录用户强制修改密码」按钮
4. 调用密码安全管理配置接口，关闭「对未通过密码强度检测的用户进行强制处理」按钮
5. 调用密码安全管理配置接口，开启「启用定期修改密码」按钮，强制处理方式设为""返回认证失败+短信通知""
6. 调用用户管理接口，创建测试用户并设置符合密码策略的密码（如 Rui12345?，含大写+小写+数字+特殊字符）
7. 调用模拟认证接口，触发用户非首次1x有线认证
8. 调用认证日志查询接口，断言认证成功
9. 清理测试数据 - 调用接口删除测试用户/恢复密码策略默认配置","1.设置密码策略为包含首字母是大写字母、小写字母、长度3-30、数字，
2、关闭首次登录用户强制修改密码、关闭未通过密码强度检测的用户强制修改密码、开启定时强制修改密码、关闭提前短信通知
3.针对”定时强制修改密码”返回认证失败+短信通知“
4.针对”定时强制修改密码”已配置好对应的网关和短信模板“"
67055,,是,"1.用户1x无线认证成功
---用户无法收到“用户密码即将过期”的通知",1.用户1x无线首次登录，密码为12345,配置组三个按钮开启/关闭的组合-非首次用户登录,非首次登录+不符合密码策略+关闭首次登录用户强制修改密码+关闭对未通过密码强度监测的用户进行强制处理+开启定时强制密码修改（返回认证失败+短信通知）+关闭提前短信通知（未超出定时期间在提醒通知时间）,"1、用户1X无线非首次登录，不符合密码策略，定时强制密码修改常开(未超出定时期间在提醒通知时间）
2、用户1x无线认证成功
---用户无法收到“用户密码即将过期”的通知",RG-UNC-dot1x密码复杂度-TP-071,dot1x密码复杂度/认证组合-首次登录,非首次登录-不符合策略-定时强制开-调用配置接口设策略-触发1x认证-断言认证成功,"1. 登录管理端 - 引用51401
2. 调用密码策略配置接口，设置密码复杂度要求（首字母大写、包含小写字母、数字、特殊字符，长度3-30）
3. 调用密码安全管理配置接口，关闭「首次登录用户强制修改密码」按钮
4. 调用密码安全管理配置接口，关闭「对未通过密码强度检测的用户进行强制处理」按钮
5. 调用密码安全管理配置接口，开启「启用定期修改密码」按钮，强制处理方式设为""返回认证失败+短信通知""
6. 调用用户管理接口，创建测试用户并设置不符合密码策略的密码（如 rui12345，不含大写字母和特殊字符）
7. 调用模拟认证接口，触发用户非首次1x有线认证
8. 调用认证日志查询接口，断言认证成功
9. 清理测试数据 - 调用接口删除测试用户/恢复密码策略默认配置","1.设置密码策略为包含首字母是大写字母、小写字母、长度3-30、数字，
2、关闭首次登录用户强制修改密码、关闭未通过密码强度检测的用户强制修改密码、开启定时强制修改密码、开启提前短信通知
3.针对”定时强制修改密码”返回认证失败+短信通知“
4.针对”定时强制修改密码”已配置好对应的网关和短信模板“"
67056,,是,1.用户1x有线认证成功,1.用户1x有线非首次登录认证，密码为Rui12345,配置组三个按钮开启/关闭的组合-非首次用户登录,非首次登录+符合密码策略+开启首次登录用户强制修改密码+开启对未通过密码强度监测的用户进行强制处理（返回认证失败+短信通知)+关闭定时强制密码修改,"1、用户1X有线非首次登录，符合密码策略，定时强制密码修改常关
2、用户1x有线认证成功",RG-UNC-dot1x密码复杂度-TP-072,dot1x密码复杂度/认证组合-首次登录,非首次登录-符合策略-首次登录强制开+强度检测强制开-调用配置接口设策略-触发1x认证-断言认证成功,"1. 登录管理端 - 引用51401
2. 调用密码策略配置接口，设置密码复杂度要求（首字母大写、包含小写字母、数字、特殊字符，长度3-30）
3. 调用密码安全管理配置接口，开启「首次登录用户强制修改密码」按钮，强制处理方式设为""返回认证失败+短信通知""
4. 调用密码安全管理配置接口，开启「对未通过密码强度检测的用户进行强制处理」按钮，强制处理方式设为""返回认证失败+短信通知""
5. 调用密码安全管理配置接口，关闭「启用定期修改密码」按钮
6. 调用用户管理接口，创建测试用户并设置符合密码策略的密码（如 Rui12345?，含大写+小写+数字+特殊字符）
7. 调用模拟认证接口，触发用户非首次1x有线认证
8. 调用认证日志查询接口，断言认证成功
9. 清理测试数据 - 调用接口删除测试用户/恢复密码策略默认配置","1.设置密码策略为包含首字母是大写字母、小写字母、长度3-30、数字，
2、开启首次登录用户强制修改密码、开启未通过密码强度检测的用户强制修改密码、关闭定时强制修改密码
3.针对”对未通过密码强度检测的用户进行强制处理”返回认证失败+短信通知“
4.针对”对未通过密码强度检测的用户进行强制处理”已配置好对应的网关和短信模板“"
67057,,是,"1.用户1x无线认证失败
---用户收到””未通过强度检测用户处理“的短信通知
2.在认证失败日志看到用户认证失败原因为：“用户未通过密码强度检测","1.用户1x无线首次登录，密码为Rui123
2.查看认证失败日志",配置组三个按钮开启/关闭的组合-非首次用户登录,非首次登录+不符合密码策略+开启首次登录用户强制修改密码+开启对未通过密码强度监测的用户进行强制处理(返回认证失败+短信通知）+关闭定时强制密码修改,"1、用户1X无线非首次登录，不符合密码策略，定时强制密码修改常关
2、用户1x无线认证失败
---用户收到””未通过强度检测用户处理“的短信通知",RG-UNC-dot1x密码复杂度-TP-073,dot1x密码复杂度/认证组合-首次登录,非首次登录-不符合策略-首次登录强制开+强度检测强制开-调用配置接口设策略-触发1x认证-断言认证失败-未通过密码强度检测,"1. 登录管理端 - 引用51401
2. 调用密码策略配置接口，设置密码复杂度要求（首字母大写、包含小写字母、数字、特殊字符，长度3-30）
3. 调用密码安全管理配置接口，开启「首次登录用户强制修改密码」按钮，强制处理方式设为""返回认证失败+短信通知""
4. 调用密码安全管理配置接口，开启「对未通过密码强度检测的用户进行强制处理」按钮，强制处理方式设为""返回认证失败+短信通知""
5. 调用密码安全管理配置接口，关闭「启用定期修改密码」按钮
6. 调用用户管理接口，创建测试用户并设置不符合密码策略的密码（如 rui12345，不含大写字母和特殊字符）
7. 调用模拟认证接口，触发用户非首次1x有线认证
8. 调用认证日志查询接口，断言认证失败
9. 调用认证失败日志查询接口，断言失败原因包含「未通过密码强度检测」
10. 清理测试数据 - 调用接口删除测试用户/恢复密码策略默认配置","1.设置密码策略为包含首字母是大写字母、小写字母、长度3-30、特殊字符，
2、开启首次登录用户强制修改密码、开启未通过密码强度检测的用户强制修改密码、关闭定时强制修改密码
3.针对”对未通过密码强度检测的用户进行强制处理”返回认证失败+短信通知“
4.针对”对未通过密码强度检测的用户进行强制处理”已配置好对应的网关和短信模板“"
67058,,是,1.用户1x有线认证成功,1.用户1x有线非首次登录认证，密码为Rui12345@,配置组三个按钮开启/关闭的组合-非首次用户登录,非首次登录+符合密码策略+关闭首次登录用户强制修改密码+开启对未通过密码强度监测的用户进行强制处理（返回认证失败+短信通知、没有配置网关及短信模板）+关闭定时强制密码修改,"1、用户1X有线非首次登录，符合密码策略，定时强制密码修改常关
2、用户1x有线认证成功",RG-UNC-dot1x密码复杂度-TP-074,dot1x密码复杂度/认证组合-首次登录,非首次登录-符合策略-强度检测强制开-调用配置接口设策略-触发1x认证-断言认证成功,"1. 登录管理端 - 引用51401
2. 调用密码策略配置接口，设置密码复杂度要求（首字母大写、包含小写字母、数字、特殊字符，长度3-30）
3. 调用密码安全管理配置接口，关闭「首次登录用户强制修改密码」按钮
4. 调用密码安全管理配置接口，开启「对未通过密码强度检测的用户进行强制处理」按钮，强制处理方式设为""返回认证失败""
5. 调用密码安全管理配置接口，关闭「启用定期修改密码」按钮
6. 调用用户管理接口，创建测试用户并设置符合密码策略的密码（如 Rui12345?，含大写+小写+数字+特殊字符）
7. 调用模拟认证接口，触发用户非首次1x有线认证
8. 调用认证日志查询接口，断言认证成功
9. 清理测试数据 - 调用接口删除测试用户/恢复密码策略默认配置","1.设置密码策略为包含首字母是大写字母、小写字母、长度3-30、特殊字符、数字
2、关闭首次登录用户强制修改密码、开启未通过密码强度检测的用户强制修改密码、关闭定时强制修改密码
3.针对”对未通过密码强度检测的用户进行强制处理”返回认证失败+短信通知“
4.针对”对未通过密码强度检测的用户进行强制处理”没有配置好对应的网关和短信模板“"
67059,,是,"1.用户1x无线认证失败
---用户无法收到”未通过强度检测用户处理“的短信通知                    
2.在认证失败日志看到用户认证失败原因为：“用户未通过密码强度检测","1.用户1x无线首次登录，密码为Rui@
2.查看认证失败日志",配置组三个按钮开启/关闭的组合-非首次用户登录,非首次登录+不符合密码策略+关闭首次登录用户强制修改密码+开启对未通过密码强度监测的用户进行强制处理（返回认证失败+短信通知、没有获取到用户手机号）+关闭定时强制密码修改,"1、用户1X无线非首次登录，不符合密码策略，定时强制密码修改常关
2、用户1x无线认证失败
---用户无法收到””未通过强度检测用户处理“的短信通知",RG-UNC-dot1x密码复杂度-TP-075,dot1x密码复杂度/认证组合-首次登录,非首次登录-不符合策略-强度检测强制开-调用配置接口设策略-触发1x认证-断言认证失败-未通过密码强度检测,"1. 登录管理端 - 引用51401
2. 调用密码策略配置接口，设置密码复杂度要求（首字母大写、包含小写字母、数字、特殊字符，长度3-30）
3. 调用密码安全管理配置接口，关闭「首次登录用户强制修改密码」按钮
4. 调用密码安全管理配置接口，开启「对未通过密码强度检测的用户进行强制处理」按钮，强制处理方式设为""返回认证失败+短信通知""
5. 调用密码安全管理配置接口，关闭「启用定期修改密码」按钮
6. 调用用户管理接口，创建测试用户并设置不符合密码策略的密码（如 rui12345，不含大写字母和特殊字符）
7. 调用模拟认证接口，触发用户非首次1x有线认证
8. 调用认证日志查询接口，断言认证失败
9. 调用认证失败日志查询接口，断言失败原因包含「未通过密码强度检测」
10. 清理测试数据 - 调用接口删除测试用户/恢复密码策略默认配置","1.设置密码策略为包含首字母是大写字母、小写字母、长度5-30、特殊字符，
2、关闭首次登录用户强制修改密码、开启未通过密码强度检测的用户强制修改密码、关闭定时强制修改密码
3.针对”对未通过密码强度检测的用户进行强制处理”返回认证失败+短信通知“
4.针对”对未通过密码强度检测的用户进行强制处理”已配置好对应的网关和短信模板“
5.没有获取到用户手机号"
67060,,是,1.用户1x有线认证成功,1.用户1x有线非首次登录认证，密码为R12345,配置组三个按钮开启/关闭的组合-非首次用户登录,非首次登录+符合密码策略+开启首次登录用户强制修改密码（返回认证失败+短信通知）+关闭对未通过密码强度监测的用户进行强制处理+关闭定时强制密码修改,"1、用户1X有线非首次登录，符合密码策略，定时强制密码修改常关
2、用户1x有线认证成功",RG-UNC-dot1x密码复杂度-TP-076,dot1x密码复杂度/认证组合-首次登录,非首次登录-符合策略-首次登录强制开-调用配置接口设策略-触发1x认证-断言认证成功,"1. 登录管理端 - 引用51401
2. 调用密码策略配置接口，设置密码复杂度要求（首字母大写、包含小写字母、数字、特殊字符，长度3-30）
3. 调用密码安全管理配置接口，开启「首次登录用户强制修改密码」按钮，强制处理方式设为""返回认证失败+短信通知""
4. 调用密码安全管理配置接口，关闭「对未通过密码强度检测的用户进行强制处理」按钮
5. 调用密码安全管理配置接口，关闭「启用定期修改密码」按钮
6. 调用用户管理接口，创建测试用户并设置符合密码策略的密码（如 Rui12345?，含大写+小写+数字+特殊字符）
7. 调用模拟认证接口，触发用户非首次1x有线认证
8. 调用认证日志查询接口，断言认证成功
9. 清理测试数据 - 调用接口删除测试用户/恢复密码策略默认配置","1.设置密码策略为包含首字母是大写字母、长度3-30、数字，
2、开启首次登录用户强制修改密码、关闭未通过密码强度检测的用户强制修改密码、关闭定时强制修改密码
3.针对”首次登录用户强制修改密码“选择”返回认证失败+短信通知“
4.针对”首次登录用户强制修改密码“已配置好对应的网关和短信模板"
67061,,是,1.用户1x无线认证成功,1.用户1x无线首次登录，密码为12345,配置组三个按钮开启/关闭的组合-非首次用户登录,非首次登录+不符合密码策略+开启首次登录用户强制修改密码+关闭对未通过密码强度监测的用户进行强制处理+关闭定时强制密码修改,"1、用户1X无线非首次登录，不符合密码策略，定时强制密码修改常关
2、用户1x无线认证成功",RG-UNC-dot1x密码复杂度-TP-077,dot1x密码复杂度/认证组合-首次登录,非首次登录-不符合策略-首次登录强制开-调用配置接口设策略-触发1x认证-断言认证成功,"1. 登录管理端 - 引用51401
2. 调用密码策略配置接口，设置密码复杂度要求（首字母大写、包含小写字母、数字、特殊字符，长度3-30）
3. 调用密码安全管理配置接口，开启「首次登录用户强制修改密码」按钮，强制处理方式设为""返回认证失败""
4. 调用密码安全管理配置接口，关闭「对未通过密码强度检测的用户进行强制处理」按钮
5. 调用密码安全管理配置接口，关闭「启用定期修改密码」按钮
6. 调用用户管理接口，创建测试用户并设置不符合密码策略的密码（如 rui12345，不含大写字母和特殊字符）
7. 调用模拟认证接口，触发用户非首次1x有线认证
8. 调用认证日志查询接口，断言认证成功
9. 清理测试数据 - 调用接口删除测试用户/恢复密码策略默认配置","1.设置密码策略为包含首字母是大写字母、小写字母、长度3-30、数字，
2、开启首次登录用户强制修改密码、关闭未通过密码强度检测的用户强制修改密码、关闭定时强制修改密码"
67062,,是,1.用户1x有线认证成功,1.用户1x有线非首次登录认证，密码为uiR12345,配置组三个按钮开启/关闭的组合-非首次用户登录,非首次登录+符合密码策略+关闭首次登录用户强制修改密码+关闭对未通过密码强度监测的用户进行强制处理+关闭定时强制密码修改,"1、用户1X有线非首次登录，符合密码策略，定时强制密码修改常关
2、用户1x有线认证成功",RG-UNC-dot1x密码复杂度-TP-078,dot1x密码复杂度/认证组合-首次登录,非首次登录-符合策略-三策略均关-调用配置接口设策略-触发1x认证-断言认证成功,"1. 登录管理端 - 引用51401
2. 调用密码策略配置接口，设置密码复杂度要求（首字母大写、包含小写字母、数字、特殊字符，长度3-30）
3. 调用密码安全管理配置接口，关闭「首次登录用户强制修改密码」按钮
4. 调用密码安全管理配置接口，关闭「对未通过密码强度检测的用户进行强制处理」按钮
5. 调用密码安全管理配置接口，关闭「启用定期修改密码」按钮
6. 调用用户管理接口，创建测试用户并设置符合密码策略的密码（如 Rui12345?，含大写+小写+数字+特殊字符）
7. 调用模拟认证接口，触发用户非首次1x有线认证
8. 调用认证日志查询接口，断言认证成功
9. 清理测试数据 - 调用接口删除测试用户/恢复密码策略默认配置","1.设置密码策略为包含大写字母、小写字母、长度3-30、数字，
2、关闭首次登录用户强制修改密码、关闭未通过密码强度检测的用户强制修改密码、关闭定时强制修改密码"
67063,,是,1.用户1x无线认证成功,1.用户1x无线首次登录，密码为12345,配置组三个按钮开启/关闭的组合-非首次用户登录,非首次登录+不符合密码策略+关闭首次登录用户强制修改密码+关闭对未通过密码强度监测的用户进行强制处理+关闭定时强制密码修改,"1、用户1X无线非首次登录，不符合密码策略，定时强制密码修改常关
2、用户1x无线认证成功",RG-UNC-dot1x密码复杂度-TP-079,dot1x密码复杂度/认证组合-首次登录,非首次登录-不符合策略-三策略均关-调用配置接口设策略-触发1x认证-断言认证成功,"1. 登录管理端 - 引用51401
2. 调用密码策略配置接口，设置密码复杂度要求（首字母大写、包含小写字母、数字、特殊字符，长度3-30）
3. 调用密码安全管理配置接口，关闭「首次登录用户强制修改密码」按钮
4. 调用密码安全管理配置接口，关闭「对未通过密码强度检测的用户进行强制处理」按钮
5. 调用密码安全管理配置接口，关闭「启用定期修改密码」按钮
6. 调用用户管理接口，创建测试用户并设置不符合密码策略的密码（如 rui12345，不含大写字母和特殊字符）
7. 调用模拟认证接口，触发用户非首次1x有线认证
8. 调用认证日志查询接口，断言认证成功
9. 清理测试数据 - 调用接口删除测试用户/恢复密码策略默认配置","1.设置密码策略为包含首字母是大写字母、小写字母、长度3-30、数字，
2、关闭首次登录用户强制修改密码、关闭未通过密码强度检测的用户强制修改密码、关闭定时强制修改密码"
67064,,是,1.用户1x有线认证成功,1、AD/radius/Voucher/Eupsk/GoogleWorkspace用户1x有线认证，密码12345,1x第三方用户认证,首次登录+不符合密码策略+关闭首次登录用户强制修改密码+关闭对未通过密码强度监测的用户进行强制处理+关闭定时强制密码修改,"1、用户1x有线首次登录，不符合密码策略
2、用户1x有线认证成功",RG-UNC-dot1x密码复杂度-TP-080,dot1x密码复杂度/认证组合-第三方用户,首次登录-不符合策略-三策略均关-调用配置接口设策略-触发1x认证-断言认证成功,"1. 登录管理端 - 引用51401
2. 调用密码策略配置接口，设置密码复杂度要求（首字母大写、包含小写字母、数字、特殊字符，长度3-30）
3. 调用密码安全管理配置接口，关闭「首次登录用户强制修改密码」按钮
4. 调用密码安全管理配置接口，关闭「对未通过密码强度检测的用户进行强制处理」按钮
5. 调用密码安全管理配置接口，关闭「启用定期修改密码」按钮
6. 调用用户管理接口，创建测试用户并设置不符合密码策略的密码（如 rui12345，不含大写字母和特殊字符）
7. 调用模拟认证接口，触发用户首次1x有线认证
8. 调用认证日志查询接口，断言认证成功
9. 清理测试数据 - 调用接口删除测试用户/恢复密码策略默认配置","1.设置密码策略为包含首字母是大写字母、小写字母、长度3-30、数字，
2、关闭首次登录用户强制修改密码、关闭未通过密码强度检测的用户强制修改密码、关闭定时强制修改密码"
67065,,是,1.用户1x无线认证成功,1、AD/radius/Voucher/Eupsk/GoogleWorkspace用户1x无线认证，密码12345,1x第三方用户认证,非首次登录+不符合密码策略+关闭首次登录用户强制修改密码+关闭对未通过密码强度监测的用户进行强制处理+关闭定时强制密码修改,"1、用户1x无线非首次登录，不符合密码策略
2、用户1x无线认证成功",RG-UNC-dot1x密码复杂度-TP-081,dot1x密码复杂度/认证组合-第三方用户,非首次登录-不符合策略-三策略均关-调用配置接口设策略-触发1x认证-断言认证成功,"1. 登录管理端 - 引用51401
2. 调用密码策略配置接口，设置密码复杂度要求（首字母大写、包含小写字母、数字、特殊字符，长度3-30）
3. 调用密码安全管理配置接口，关闭「首次登录用户强制修改密码」按钮
4. 调用密码安全管理配置接口，关闭「对未通过密码强度检测的用户进行强制处理」按钮
5. 调用密码安全管理配置接口，关闭「启用定期修改密码」按钮
6. 调用用户管理接口，创建测试用户并设置不符合密码策略的密码（如 rui12345，不含大写字母和特殊字符）
7. 调用模拟认证接口，触发用户非首次1x有线认证
8. 调用认证日志查询接口，断言认证成功
9. 清理测试数据 - 调用接口删除测试用户/恢复密码策略默认配置","1.设置密码策略为包含首字母是大写字母、小写字母、长度3-30、数字，
2、关闭首次登录用户强制修改密码、关闭未通过密码强度检测的用户强制修改密码、关闭定时强制修改密码"
,依赖系统时钟定时触发（每日21点发短信/密码过期判断），API自动化不适合等待真实时钟,否,"1、用户在提醒时间的第一天21点准时收到短信通知,修改密码成功
2、用户次日1x有线认证登录成功","1、用户收到提前短信通知后修改密码
2、用户次日1x有线非首次登录认证，密码为修改后的Rui11111",定时任务,"非首次登录+符合密码策略+开启首次登录用户强制修改密码+开启对未通过密码强度监测的用户进行强制处理+开启定时强制密码修改（返回认证失败+短信通知）+开启提前短信通知（在提醒时间内）
用户21点收到提前两天修改密码的短信通知进行修改，次日认证",用户21点准时收到提前修改密码的短信通知，修改密码后，次日1x有线非首次认证登录，次日21点未收到提前修改密码的短信通知,RG-UNC-dot1x密码复杂度-TP-082,dot1x密码复杂度/定时任务,不可自动化-定时任务依赖系统时钟无法API触发,1. 定时任务依赖系统每日特定时间点触发，无法通过API模拟时钟推进，不适合API自动化,"1.设置密码策略为包含首字母是大写字母、小写字母、长度3-30、数字，
2、开启首次登录用户强制修改密码、开启未通过密码强度检测的用户强制修改密码、开启定时强制修改密码（4天），开启提前短信通知（2天）
3.针对”定时强制修改密码”返回认证失败+短信通知“
4.针对”定时强制修改密码”已配置好对应的网关和短信模板“"
,依赖系统时钟定时触发（每日21点发短信/密码过期判断），API自动化不适合等待真实时钟,否,"1、用户在提醒时间的第一天21点准时收到短信通知
2、用户次日1x无线认证登录成功，次日21点用户准时收到短信通知","1、用户收到提前短信通知后不作密码修改
2、用户次日1x无线首次登录认证，密码为未修改的Rui12345",定时任务,"首次登录+符合密码策略+关闭首次登录用户强制修改密码+开启对未通过密码强度监测的用户进行强制处理+开启定时强制密码修改（返回认证失败+短信通知）+开启提前短信通知（在提醒时间内）
用户21点收到提前两天修改密码的短信通知不作修改，次日认证",用户21点准时收到提前修改密码的短信通知，不作修改，次日1x无线首次认证登录，次日21点收到提前修改密码的短信通知,RG-UNC-dot1x密码复杂度-TP-083,dot1x密码复杂度/定时任务,不可自动化-定时任务依赖系统时钟无法API触发,1. 定时任务依赖系统每日特定时间点触发，无法通过API模拟时钟推进，不适合API自动化,"1.设置密码策略为包含首字母是大写字母、小写字母、长度3-30、数字，
2、关闭首次登录用户强制修改密码、开启未通过密码强度检测的用户强制修改密码、开启定时强制修改密码（4天），开启提前短信通知（2天）
3.针对”定时强制修改密码”返回认证失败+短信通知“
4.针对”定时强制修改密码”已配置好对应的网关和短信模板“"
,依赖系统时钟定时触发（每日21点发短信/密码过期判断），API自动化不适合等待真实时钟,否,"1、用户在提醒时间的第一天21点准时收到短信通知，次日21点用户再次准时收到短信通知
2、用户第三日1x无线认证登录失败
3、在认证失败日志看到用户认证失败原因为：“用户密码已过期“","1、用户收到提前短信通知后不作密码修改
2、用户第三日1x无线首次登录认证，密码为未修改的Rui12345
3、查看认证失败日志",定时任务,"首次登录+符合密码策略+关闭首次登录用户强制修改密码+开启对未通过密码强度监测的用户进行强制处理+开启定时强制密码修改（返回认证失败+短信通知）+开启提前短信通知（在提醒时间内）
用户21点收到提前两天修改密码的短信通知不作修改，第三日认证",用户21点准时收到提前修改密码的短信通知，不作修改，次日21点收到提前修改密码的短信通知，不作修改，第三日1x无线首次认证登录,RG-UNC-dot1x密码复杂度-TP-084,dot1x密码复杂度/定时任务,不可自动化-定时任务依赖系统时钟无法API触发,1. 定时任务依赖系统每日特定时间点触发，无法通过API模拟时钟推进，不适合API自动化,"1.设置密码策略为包含首字母是大写字母、小写字母、长度3-30、数字，
2、关闭首次登录用户强制修改密码、开启未通过密码强度检测的用户强制修改密码、开启定时强制修改密码（4天），开启提前短信通知（2天）
3.针对”定时强制修改密码”返回认证失败+短信通知“
4.针对”定时强制修改密码”已配置好对应的网关和短信模板“"
,依赖系统时钟定时触发（每日21点发短信/密码过期判断），API自动化不适合等待真实时钟,否,"1、用户在提醒时间的第一天21点准时收到短信通知，修改密码成功
2、用户第三日1x无线认证登录成功","1、用户收到提前短信通知后修改密码
2、用户第三日1x无线非首次登录认证，密码为未修改的Rui11111",定时任务,"非首次登录+符合密码策略+开启首次登录用户强制修改密码+开启对未通过密码强度监测的用户进行强制处理+开启定时强制密码修改（返回认证失败+短信通知）+开启提前短信通知（在提醒时间内）
用户21点收到提前两天修改密码的短信通知进行修改，第三日认证",用户21点准时收到提前修改密码的短信通知，修改密码后，次日21点未收到提前修改密码的短信通知，第三日用户1x无线非首次认证登录,RG-UNC-dot1x密码复杂度-TP-085,dot1x密码复杂度/定时任务,不可自动化-定时任务依赖系统时钟无法API触发,1. 定时任务依赖系统每日特定时间点触发，无法通过API模拟时钟推进，不适合API自动化,"1.设置密码策略为包含首字母是大写字母、小写字母、长度3-30、数字，
2、开启首次登录用户强制修改密码、开启未通过密码强度检测的用户强制修改密码、开启定时强制修改密码（4天），开启提前短信通知（2天）
3.针对”定时强制修改密码”返回认证失败+短信通知“
4.针对”定时强制修改密码”已配置好对应的网关和短信模板“"
